-- phpMyAdmin SQL Dump
-- version 5.2.1
-- https://www.phpmyadmin.net/
--
-- Host: 127.0.0.1
-- Generation Time: Mar 01, 2026 at 07:32 PM
-- Server version: 10.4.32-MariaDB
-- PHP Version: 8.2.12

SET SQL_MODE = "NO_AUTO_VALUE_ON_ZERO";
START TRANSACTION;
SET time_zone = "+00:00";


/*!40101 SET @OLD_CHARACTER_SET_CLIENT=@@CHARACTER_SET_CLIENT */;
/*!40101 SET @OLD_CHARACTER_SET_RESULTS=@@CHARACTER_SET_RESULTS */;
/*!40101 SET @OLD_COLLATION_CONNECTION=@@COLLATION_CONNECTION */;
/*!40101 SET NAMES utf8mb4 */;

--
-- Database: `fastbuy`
--

-- --------------------------------------------------------

--
-- Table structure for table `addresses`
--

CREATE TABLE `addresses` (
  `id` int(11) NOT NULL,
  `user_id` int(11) NOT NULL,
  `fullname` varchar(100) NOT NULL,
  `phone` varchar(15) NOT NULL,
  `address` text NOT NULL,
  `city` varchar(50) NOT NULL,
  `pincode` varchar(10) NOT NULL,
  `created_at` timestamp NOT NULL DEFAULT current_timestamp()
) ENGINE=InnoDB DEFAULT CHARSET=utf8mb4 COLLATE=utf8mb4_general_ci;

--
-- Dumping data for table `addresses`
--

INSERT INTO `addresses` (`id`, `user_id`, `fullname`, `phone`, `address`, `city`, `pincode`, `created_at`) VALUES
(2, 5, 'tanish poriya', '1122334455', 'shree chamunda keupa , rjkt ', 'rajkot', '360002', '2026-03-01 18:25:01');

-- --------------------------------------------------------

--
-- Table structure for table `categories`
--

CREATE TABLE `categories` (
  `id` int(11) NOT NULL,
  `name` varchar(100) NOT NULL,
  `image` varchar(255) DEFAULT NULL
) ENGINE=InnoDB DEFAULT CHARSET=utf8mb4 COLLATE=utf8mb4_general_ci;

--
-- Dumping data for table `categories`
--

INSERT INTO `categories` (`id`, `name`, `image`) VALUES
(1, 'Fruits', 'fruits.jpeg'),
(2, 'Vegetables', 'veg.jpg'),
(3, 'Snacks', 'sna.webp'),
(4, 'Beverages', 'soda.jpg'),
(5, 'Dairy', 'dairy.jpg'),
(6, 'oil, ghee, masala', 'oil.jpg'),
(7, 'Bakery & Biscuits', 'bis.jpg'),
(8, 'Atta, Rice & Dal', 'dal.png'),
(9, 'Tea, Coffee & Milk Drinks', 'milk.avif'),
(10, 'dry fruits', 'pan.jpg'),
(11, 'Instant Food', 'food.webp'),
(12, 'Sauces & Spreads', 'sose.jpg'),
(13, 'Ice cream & More', 'ice.avif'),
(14, 'Bath & Body', 'bath.avif'),
(15, 'Hair', 'hair.jpg'),
(16, 'skin & Face', 'skin.jpg'),
(17, 'Beauty & Cosmetics', 'beauty.jpg'),
(18, 'home & Lifestyle', 'home.webp'),
(19, 'Electronics', 'ele.jpg'),
(20, 'Stationery', 'stat.webp'),
(21, 'Games', 'game.jpg'),
(22, 'Pooja store', 'pooja.webp'),
(23, 'Pharma store', 'pha.jpg'),
(24, 'Pet store', 'pet.webp'),
(25, 'Toy store', 'toy.avif'),
(26, 'sport store', 'sport.webp'),
(27, 'Fashion Basics store', 'fa.webp'),
(28, 'Kids store', 'kids.jpg');

-- --------------------------------------------------------

--
-- Table structure for table `orders`
--

CREATE TABLE `orders` (
  `id` int(11) NOT NULL,
  `user_id` int(11) DEFAULT NULL,
  `product_id` int(11) DEFAULT NULL,
  `product_name` varchar(255) DEFAULT NULL,
  `product_image` varchar(255) DEFAULT NULL,
  `quantity` int(11) DEFAULT NULL,
  `price` decimal(10,2) DEFAULT NULL,
  `status` varchar(50) NOT NULL DEFAULT 'Pending',
  `order_date` timestamp NOT NULL DEFAULT current_timestamp(),
  `created_at` timestamp NOT NULL DEFAULT current_timestamp()
) ENGINE=InnoDB DEFAULT CHARSET=utf8mb4 COLLATE=utf8mb4_general_ci;

--
-- Dumping data for table `orders`
--

INSERT INTO `orders` (`id`, `user_id`, `product_id`, `product_name`, `product_image`, `quantity`, `price`, `status`, `order_date`, `created_at`) VALUES
(1, 2, 122, 'Hide & Seek', 'bb11.jpg', 1, 50.00, 'Placed', '2026-02-19 11:49:39', '2026-02-19 11:50:58'),
(2, 1, 125, 'Fruit Cake', 'bb14.jpg', 3, 180.00, 'Placed', '2026-02-25 14:57:51', '2026-02-25 14:57:51'),
(3, 1, 129, 'Chocolate Muffins', 'bb18.jpg', 2, 140.00, 'Placed', '2026-02-25 14:57:51', '2026-02-25 14:57:51'),
(4, 1, 1, 'Red Apple', 'p1.jpg', 1, 120.00, 'Placed', '2026-02-27 09:27:00', '2026-02-27 09:27:00'),
(5, 1, 125, 'Fruit Cake', 'bb14.jpg', 2, 120.00, 'Placed', '2026-02-27 09:27:00', '2026-02-27 09:27:00'),
(6, 1, 92, 'Amul Pure Ghee', 'ogm1.jpg', 3, 1950.00, 'Placed', '2026-02-28 03:15:54', '2026-02-28 03:15:54'),
(7, 3, 13, 'Red Cherries', 'p13.jpg', 1, 250.00, 'Placed', '2026-02-28 03:42:42', '2026-02-28 03:42:42'),
(8, 3, 17, 'Plum', 'p17.jpg', 1, 120.00, 'Placed', '2026-02-28 03:42:42', '2026-02-28 03:42:42'),
(9, 3, 236, 'California Walnuts', 'df3.jpg', 1, 350.00, 'Placed', '2026-02-28 03:42:42', '2026-02-28 03:42:42'),
(10, 3, 333, 'Parker Vector Pen', 'st2.jpg', 1, 350.00, 'Placed', '2026-02-28 03:42:42', '2026-02-28 03:42:42'),
(11, 3, 4, 'Black Grapes', 'p4.jpg', 1, 90.00, 'Placed', '2026-02-28 03:42:42', '2026-02-28 03:42:42'),
(12, 3, 5, 'Alphonso Mango', 'p5.jpg', 1, 500.00, 'Placed', '2026-02-28 03:42:42', '2026-02-28 03:42:42'),
(13, 3, 7, 'Strawberries', 'p7.jpg', 1, 150.00, 'Placed', '2026-02-28 03:42:42', '2026-02-28 03:42:42'),
(14, 3, 21, 'Potato', 'v1.jpg', 1, 30.00, 'Placed', '2026-02-28 03:57:59', '2026-02-28 03:57:59'),
(15, 3, 234, 'California Almonds', 'df1.jpg', 1, 280.00, 'Placed', '2026-02-28 03:57:59', '2026-02-28 03:57:59'),
(16, 3, 279, 'Havmor Rajbhog Tub', 'ic3.jpg', 1, 250.00, 'Placed', '2026-02-28 03:57:59', '2026-02-28 03:57:59'),
(17, 5, 120, 'Unibic Fruit & Nut', 'bb9.jpg', 1, 80.00, 'Placed', '2026-03-01 17:41:54', '2026-03-01 17:41:54');

-- --------------------------------------------------------

--
-- Table structure for table `products`
--

CREATE TABLE `products` (
  `id` int(11) NOT NULL,
  `category_id` int(11) NOT NULL,
  `name` varchar(255) NOT NULL,
  `description` text DEFAULT NULL,
  `price` decimal(10,2) NOT NULL,
  `image` varchar(255) DEFAULT NULL,
  `rating` decimal(2,1) DEFAULT 0.0
) ENGINE=InnoDB DEFAULT CHARSET=utf8mb4 COLLATE=utf8mb4_general_ci;

--
-- Dumping data for table `products`
--

INSERT INTO `products` (`id`, `category_id`, `name`, `description`, `price`, `image`, `rating`) VALUES
(1, 1, 'Red Apple', 'Fresh and crunchy Washington apples', 120.00, 'p1.jpg', 0.0),
(2, 1, 'Banana', 'Ripe yellow bananas, rich in potassium', 40.00, 'p2.jpg', 0.0),
(3, 1, 'Valencia Orange', 'Sweet and juicy oranges for fresh juice', 80.00, 'p3.jpg', 0.0),
(4, 1, 'Black Grapes', 'Seedless sweet black grapes', 90.00, 'p4.jpg', 0.0),
(5, 1, 'Alphonso Mango', 'The king of fruits, sweet and aromatic', 500.00, 'p5.jpg', 0.0),
(6, 1, 'Pineapple', 'Tropical sweet and tangy pineapple', 60.00, 'p6.jpg', 0.0),
(7, 1, 'Strawberries', 'Fresh organic red strawberries (250g)', 150.00, 'p7.jpg', 0.0),
(8, 1, 'Watermelon', 'Refreshing and hydrating summer fruit', 40.00, 'p8.jpg', 0.0),
(9, 1, 'Papaya', 'Sweet semi-ripe papaya, good for digestion', 50.00, 'p9.jpg', 0.0),
(10, 1, 'Kiwi', 'Nutritious green kiwi imported (3 pack)', 110.00, 'p10.jpg', 0.0),
(11, 1, 'Pomegranate', 'Ruby red fresh pomegranate seeds', 180.00, 'p11.jpg', 0.0),
(12, 1, 'Guava', 'Fresh green guava with white pulp', 50.00, 'p12.jpg', 0.0),
(13, 1, 'Red Cherries', 'Sweet imported red cherries (200g)', 250.00, 'p13.jpg', 0.0),
(14, 1, 'Blueberries', 'Fresh antioxidant-rich blueberries', 300.00, 'p14.jpg', 0.0),
(15, 1, 'Green Pear', 'Soft and sweet green pears', 140.00, 'p15.jpg', 0.0),
(16, 1, 'Peach', 'Juicy and soft velvet peaches', 160.00, 'p16.jpg', 0.0),
(17, 1, 'Plum', 'Tart and sweet deep red plums', 120.00, 'p17.jpg', 0.0),
(18, 1, 'Dragon Fruit', 'Exotic pink dragon fruit with white flesh', 90.00, 'p18.jpg', 0.0),
(19, 1, 'Custard Apple', 'Sweet and creamy sitaphal', 130.00, 'p19.jpg', 0.0),
(20, 1, 'Muskmelon', 'Sweet cantaloupe variety', 55.00, 'p20.jpg', 0.0),
(21, 2, 'Potato', 'Fresh farm potatoes, great for boiling or frying', 30.00, 'v1.jpg', 0.0),
(22, 2, 'Onion', 'Crisp red onions for daily cooking', 45.00, 'v2.jpg', 0.0),
(23, 2, 'Tomato', 'Local vine-ripened red tomatoes', 40.00, 'v3.jpg', 0.0),
(24, 2, 'Carrot', 'Sweet orange carrots, rich in Vitamin A', 50.00, 'v4.jpg', 0.0),
(25, 2, 'Broccoli', 'Fresh green broccoli florets', 90.00, 'v5.jpg', 0.0),
(26, 2, 'Spinach', 'Freshly picked leafy green spinach (Palak)', 25.00, 'v6.jpg', 0.0),
(27, 2, 'Cauliflower', 'Large fresh white cauliflower head', 40.00, 'v7.jpg', 0.0),
(28, 2, 'Cabbage', 'Green cabbage for salads and cooking', 35.00, 'v8.jpg', 0.0),
(29, 2, 'Bell Pepper', 'Fresh green capsicum/bell pepper', 60.00, 'v9.jpg', 0.0),
(30, 2, 'Cucumber', 'Cool and hydrating cucumbers for salad', 30.00, 'v10.jpg', 0.0),
(31, 2, 'Ginger', 'Organic fresh ginger root', 20.00, 'v11.jpg', 0.0),
(32, 2, 'Garlic', 'Strong aromatic fresh garlic bulbs', 40.00, 'v12.jpg', 0.0),
(33, 2, 'Green Chili', 'Spicy fresh green chilies', 15.00, 'v13.jpg', 0.0),
(34, 2, 'Lady Finger', 'Fresh Bhindi/Okra, tender and green', 50.00, 'v14.jpg', 0.0),
(35, 2, 'Eggplant', 'Purple Brinjal/Eggplant for roasting', 40.00, 'v15.jpg', 0.0),
(36, 2, 'Bottle Gourd', 'Fresh Lauki, easy to digest', 30.00, 'v16.jpg', 0.0),
(37, 2, 'Bitter Gourd', 'Fresh Karela, healthy and organic', 45.00, 'v17.jpg', 0.0),
(38, 2, 'Radish', 'Crunchy white radish with greens', 25.00, 'v18.jpg', 0.0),
(39, 2, 'Sweet Potato', 'Nutritious orange sweet potatoes', 60.00, 'v19.jpg', 0.0),
(40, 2, 'Mushroom', 'Fresh button mushrooms (200g pack)', 80.00, 'v20.jpg', 0.0),
(41, 3, 'Potato Chips', 'Classic salted crispy potato chips', 20.00, 's1.jpg', 0.0),
(42, 3, 'Chocolate Bar', 'Rich milk chocolate with roasted almonds', 40.00, 's2.jpg', 0.0),
(43, 3, 'Roasted Cashews', 'Salted and roasted premium cashews (100g)', 150.00, 's3.jpg', 0.0),
(44, 3, 'Masala Peanuts', 'Spicy and crunchy peanut snack', 30.00, 's4.jpg', 0.0),
(45, 3, 'Cheese Balls', 'Fluffy and cheesy corn-based snacks', 25.00, 's5.jpg', 0.0),
(46, 3, 'Corn Tortilla Chips', 'Crispy nachos style corn chips', 50.00, 's6.jpg', 0.0),
(47, 3, 'Chocolate Cookies', 'Choco-chip cookies baked to perfection', 60.00, 's7.jpg', 0.0),
(48, 3, 'Mixed Namkeen', 'Traditional Indian savory snack mix', 45.00, 's8.jpg', 0.0),
(49, 3, 'Popcorn', 'Butter salted instant popcorn', 35.00, 's9.jpg', 0.0),
(50, 3, 'Pretzels', 'Baked crunchy salted pretzels', 70.00, 's10.jpg', 0.0),
(51, 3, 'Fruit & Nut Mix', 'Healthy mix of dried fruits and nuts', 120.00, 's11.jpg', 0.0),
(52, 3, 'Rice Crackers', 'Light and crispy seasoned rice crackers', 55.00, 's12.jpg', 0.0),
(53, 3, 'Wafers', 'Strawberry cream filled crispy wafers', 30.00, 's13.jpg', 0.0),
(54, 3, 'Granola Bar', 'Oats and honey energy bar', 40.00, 's14.jpg', 0.0),
(55, 3, 'Puffed Rice Snack', 'Light spicy puffed rice (Bhel mix)', 20.00, 's15.jpg', 0.0),
(56, 4, 'Coca Cola', 'Chilled soft drink (500ml)', 40.00, 'b1.jpg', 0.0),
(57, 4, 'Pepsi', 'Refreshing cola carbonated drink', 38.00, 'b2.jpg', 0.0),
(58, 4, 'Orange Juice', '100% pure squeezed orange juice (1L)', 110.00, 'b3.jpg', 0.0),
(59, 4, 'Apple Juice', 'Fresh apple fruit juice tetra pack', 95.00, 'b4.jpg', 0.0),
(60, 4, 'Mineral Water', 'Purified bottled drinking water (1L)', 20.00, 'b5.jpg', 0.0),
(61, 4, 'Green Tea', 'Organic green tea bags (25 pieces)', 150.00, 'b6.jpg', 0.0),
(62, 4, 'Instant Coffee', 'Rich aroma classic coffee powder', 250.00, 'b7.jpg', 0.0),
(63, 4, 'Energy Drink', 'Instant energy boost caffeinated drink', 120.00, 'b8.jpg', 0.0),
(64, 4, 'Lemonade', 'Classic tangy lemon refreshment', 30.00, 'b9.jpg', 0.0),
(65, 4, 'Coconut Water', 'Fresh natural tender coconut water', 50.00, 'b10.jpg', 0.0),
(66, 4, 'Iced Tea', 'Peach flavored chilled iced tea', 45.00, 'b11.jpg', 0.0),
(67, 4, 'Mango Smoothie', 'Thick and creamy mango fruit drink', 60.00, 'b12.jpg', 0.0),
(68, 4, 'Club Soda', 'Sparkling carbonated water', 25.00, 'b13.jpg', 0.0),
(69, 4, 'Tomato Juice', 'Savory vegetable juice for cooking/drinking', 85.00, 'b14.jpg', 0.0),
(70, 4, 'Ginger Ale', 'Crisp ginger flavored carbonated drink', 70.00, 'b15.jpg', 0.0),
(71, 4, 'Grape Juice', 'Sweet dark grape fruit juice', 105.00, 'b16.jpg', 0.0),
(72, 4, 'Chocolate Milkshake', 'Rich cocoa flavored creamy milk drink', 55.00, 'b17.jpg', 0.0),
(73, 5, 'Full Cream Milk', 'Fresh pasteurized whole milk (1L)', 66.00, 'd1.jpg', 0.0),
(74, 5, 'Skimmed Milk', 'Low-fat healthy milk option (1L)', 58.00, 'd2.jpg', 0.0),
(75, 5, 'Salted Butter', 'Creamy dairy butter for spreading', 55.00, 'd3.jpg', 0.0),
(76, 5, 'Unsalted Butter', 'Pure white butter for baking', 60.00, 'd4.jpg', 0.0),
(77, 5, 'Cheddar Cheese', 'Aged sharp cheddar cheese block (200g)', 180.00, 'd5.jpg', 0.0),
(78, 5, 'Mozzarella Cheese', 'Soft pizza cheese, great for melting', 210.00, 'd6.jpg', 0.0),
(79, 5, 'Paneer', 'Fresh cottage cheese cubes (200g)', 100.00, 'd7.jpg', 0.0),
(80, 5, 'Plain Yogurt', 'Creamy probiotic dahi/curd', 35.00, 'd8.jpg', 0.0),
(81, 5, 'Greek Yogurt', 'Thick protein-rich strained yogurt', 80.00, 'd9.jpg', 0.0),
(82, 5, 'Fresh Cream', 'Low-fat cooking cream for gravies', 75.00, 'd10.jpg', 0.0),
(83, 5, 'Condensed Milk', 'Sweetened milk for desserts', 145.00, 'd11.jpg', 0.0),
(84, 5, 'Buttermilk', 'Refreshing spiced chaas (500ml)', 20.00, 'd12.jpg', 0.0),
(85, 5, 'Whipped Cream', 'Light and fluffy cream for cakes', 190.00, 'd13.jpg', 0.0),
(86, 5, 'Sour Cream', 'Tangy dairy cream for dips', 120.00, 'd14.jpg', 0.0),
(87, 5, 'Parmesan Cheese', 'Grated hard cheese for pasta', 350.00, 'd15.jpg', 0.0),
(88, 5, 'Soy Milk', 'Plant-based dairy alternative (1L)', 140.00, 'd16.jpg', 0.0),
(89, 5, 'Margarine', 'Plant-based butter substitute', 45.00, 'd17.jpg', 0.0),
(90, 5, 'Flavored Milk', 'Sweet chocolate flavored milk bottle', 30.00, 'd18.jpg', 0.0),
(91, 5, 'Cheese Slices', 'Processed cheese slices for sandwiches', 160.00, 'd19.jpg', 0.0),
(92, 6, 'Amul Pure Ghee', 'Pure milk fat ghee (1L Tin)', 650.00, 'ogm1.jpg', 0.0),
(93, 6, 'Aashirvaad Svasti Ghee', 'Desi ghee with rich aroma (500ml)', 340.00, 'ogm2.jpg', 0.0),
(94, 6, 'Fortune Mustard Oil', 'Kachi Ghani mustard oil (1L Bottle)', 165.00, 'ogm3.jpg', 0.0),
(95, 6, 'Saffola Gold Oil', 'Pro-healthy blended edible oil (1L)', 185.00, 'ogm4.jpg', 0.0),
(96, 6, 'Fortune Soyabean Oil', 'Refined soyabean oil (1L Pouch)', 140.00, 'ogm5.jpg', 0.0),
(97, 6, 'Figaro Olive Oil', 'Pure olive oil for cooking (500ml)', 750.00, 'ogm6.jpg', 0.0),
(98, 6, 'Tata Sampann Turmeric', 'Pure Haldi powder with natural oils (200g)', 65.00, 'ogm7.jpg', 0.0),
(99, 6, 'MDH Deggi Mirch', 'Mild fried red chili powder (100g)', 90.00, 'ogm8.jpg', 0.0),
(100, 6, 'Everest Garam Masala', 'Authentic blend of 13 spices (100g)', 85.00, 'ogm9.jpg', 0.0),
(101, 6, 'Catch Coriander Powder', 'Freshly ground Dhaniya powder (200g)', 70.00, 'ogm10.jpg', 0.0),
(102, 6, 'Tata Salt', 'Vacuum evaporated iodized salt (1kg)', 28.00, 'ogm11.jpg', 0.0),
(103, 6, 'Maggi Masala-e-Magic', 'Vegetable seasoning spice mix (Pack of 12)', 60.00, 'ogm12.jpg', 0.0),
(104, 6, 'Patandjali Cow Ghee', 'Pure cow ghee for better health (500ml)', 325.00, 'ogm13.jpg', 0.0),
(105, 6, 'Everest Chicken Masala', 'Perfect blend for non-veg curries (100g)', 95.00, 'ogm14.jpg', 0.0),
(106, 6, 'MDH Kitchen King', 'The multipurpose spice specialist (100g)', 88.00, 'ogm15.jpg', 0.0),
(107, 6, 'Dhara Groundnut Oil', 'Refined filtered groundnut oil (1L)', 195.00, 'ogm16.jpg', 0.0),
(108, 6, 'Catch Hing Powder', 'Strong Compounded Asafoetida (50g)', 55.00, 'ogm17.jpg', 0.0),
(109, 6, 'Everest Chaat Masala', 'Tangy spice for salads and snacks (100g)', 75.00, 'ogm18.jpg', 0.0),
(110, 6, 'Mother Dairy Cow Ghee', 'Traditional aromatic cow ghee (1L Pouch)', 630.00, 'ogm19.jpg', 0.0),
(111, 6, 'Saffola Aura Olive Oil', 'Extra virgin olive oil (250ml)', 450.00, 'ogm20.jpg', 0.0),
(112, 7, 'Britannia Milk Bikis', 'Creamy milk biscuits for kids (100g)', 20.00, 'bb1.jpg', 0.0),
(113, 7, 'Parle-G Gold', 'The original glucose biscuits (250g)', 30.00, 'bb2.jpg', 0.0),
(114, 7, 'Oreo Vanilla', 'Chocolate sandwich cookies with vanilla cream', 40.00, 'bb3.jpg', 0.0),
(115, 7, 'Britannia Good Day', 'Rich butter cookies with cashew (200g)', 50.00, 'bb4.jpg', 0.0),
(116, 7, 'White Sandwich Bread', 'Fresh and soft milk bread (400g)', 45.00, 'bb5.jpg', 0.0),
(117, 7, 'Brown Bread', 'Whole wheat healthy brown bread (400g)', 55.00, 'bb6.jpg', 0.0),
(118, 7, 'Britannia Toastea', 'Premium crispy suji rusk (200g)', 45.00, 'bb7.jpg', 0.0),
(119, 7, 'Sunfeast Dark Fantasy', 'Choco-filled crunchy cookies', 120.00, 'bb8.jpg', 0.0),
(120, 7, 'Unibic Fruit & Nut', 'Premium cookies with fruits and nuts', 80.00, 'bb9.jpg', 0.0),
(121, 7, 'Britannia Marie Gold', 'Light and crispy tea-time biscuits', 35.00, 'bb10.jpg', 0.0),
(122, 7, 'Hide & Seek', 'Real chocolate chip cookies', 50.00, 'bb11.jpg', 0.0),
(123, 7, 'Pav Buns', 'Soft and fresh buns for Pav Bhaji (Pack of 6)', 40.00, 'bb12.jpg', 0.0),
(124, 7, 'Burger Buns', 'Sesame topped fresh burger buns (Pack of 2)', 35.00, 'bb13.jpg', 0.0),
(125, 7, 'Fruit Cake', 'Soft and spongy eggless fruit cake', 60.00, 'bb14.jpg', 0.0),
(126, 7, 'Britannia Little Hearts', 'Sweet and salty heart-shaped biscuits', 20.00, 'bb15.jpg', 0.0),
(127, 7, 'Sunfeast Mom’s Magic', 'Cashew and almond rich cookies', 45.00, 'bb16.jpg', 0.0),
(128, 7, 'Garlic Bread Sticks', 'Crispy herb-infused garlic sticks', 90.00, 'bb17.jpg', 0.0),
(129, 7, 'Chocolate Muffins', 'Soft chocolate chip muffins (Pack of 2)', 70.00, 'bb18.jpg', 0.0),
(130, 7, 'Britannia Bourbon', 'Chocolate cream biscuits with sugar crystals', 30.00, 'bb19.jpg', 0.0),
(131, 7, 'Multigrain Bread', 'High fiber multigrain loaf', 65.00, 'bb20.jpg', 0.0),
(132, 7, 'Winkies Swiss Roll', 'Creamy chocolate filled sponge roll', 25.00, 'bb21.jpg', 0.0),
(133, 8, 'Aashirvaad Shuddh Chakki Atta', 'Whole wheat flour with 0% Maida (5kg)', 245.00, 'ard1.jpg', 0.0),
(134, 8, 'Fortune Chakki Fresh Atta', 'Pure wheat flour for soft rotis (10kg)', 460.00, 'ard2.jpg', 0.0),
(135, 8, 'India Gate Basmati Rice', 'Classic Mogra long grain rice (5kg)', 450.00, 'ard3.jpg', 0.0),
(136, 8, 'Daawat Rozana Gold', 'Daily use basmati rice (5kg)', 380.00, 'ard4.jpg', 0.0),
(137, 8, 'Tata Sampann Toor Dal', 'Unpolished Arhar/Toor Dal (1kg)', 180.00, 'ard5.jpg', 0.0),
(138, 8, 'Tata Sampann Moong Dal', 'Unpolished yellow Moong Dal (1kg)', 145.00, 'ard6.jpg', 0.0),
(139, 8, 'Organic Chana Dal', 'Protein-rich unpolished Chana dal (1kg)', 110.00, 'ard7.jpg', 0.0),
(140, 8, 'Fortune Biryani Rice', 'Extra long grain rice for biryani (1kg)', 160.00, 'ard8.jpg', 0.0),
(141, 8, 'Rajma Chitra', 'Premium quality red kidney beans (500g)', 95.00, 'ard9.jpg', 0.0),
(142, 8, 'Kabuli Chana', 'Large white chickpeas (500g)', 85.00, 'ard10.jpg', 0.0),
(143, 8, 'Aashirvaad Multigrain Atta', 'Power of 6 grains for healthy rotis (5kg)', 310.00, 'ard11.jpg', 0.0),
(144, 8, 'Urad Dal Split', 'Premium Chilka Urad dal (1kg)', 155.00, 'ard12.jpg', 0.0),
(145, 8, 'Masoor Dal', 'Unpolished red Masoor dal (1kg)', 120.00, 'ard13.jpg', 0.0),
(146, 8, 'Sona Masoori Rice', 'Raw lightweight aromatic rice (5kg)', 340.00, 'ard14.jpg', 0.0),
(147, 8, 'Kolam Rice', 'Superior quality daily rice (5kg)', 360.00, 'ard15.jpg', 0.0),
(148, 8, 'Black Masoor Dal', 'Whole black lentil (Sabut Masoor) (1kg)', 115.00, 'ard16.jpg', 0.0),
(149, 8, 'Poha (Thick)', 'Pressed rice for healthy breakfast (500g)', 45.00, 'ard17.jpg', 0.0),
(150, 8, 'Sooji (Rava)', 'Fine semolina for halwa and upma (500g)', 35.00, 'ard18.jpg', 0.0),
(151, 8, 'Maida', 'Refined wheat flour for baking (1kg)', 55.00, 'ard19.jpg', 0.0),
(152, 8, 'Besan', 'Gram flour made from 100% Chana dal (500g)', 65.00, 'ard20.jpg', 0.0),
(153, 9, 'Red Label Tea', 'Strong and aromatic black tea (500g)', 280.00, 'tcm1.jpg', 0.0),
(154, 9, 'Tata Tea Premium', 'Desh ki Chai with unique blend (500g)', 260.00, 'tcm2.jpg', 0.0),
(155, 9, 'Nescafe Classic Coffee', '100% pure instant coffee (100g Jar)', 320.00, 'tcm3.jpg', 0.0),
(156, 9, 'Bru Gold Instant Coffee', 'Rich and smooth aromatic coffee (50g)', 180.00, 'tcm4.jpg', 0.0),
(157, 9, 'Wagh Bakri Tea', 'Strong CTC leaf tea (500g)', 275.00, 'tcm5.jpg', 0.0),
(158, 9, 'Taj Mahal Tea', 'Premium leaf tea for a rich taste (250g)', 195.00, 'tcm6.jpg', 0.0),
(159, 9, 'Bournvita Health Drink', 'Chocolate nutrition drink mix (500g)', 235.00, 'tcm7.jpg', 0.0),
(160, 9, 'Horlicks Classic Malt', 'Clinically proven health drink (500g)', 245.00, 'tcm8.jpg', 0.0),
(161, 9, 'Complan Royale Chocolate', 'Nutrition for growing kids (500g Jar)', 310.00, 'tcm9.jpg', 0.0),
(162, 9, 'Boost Energy Drink', 'Health drink for active stamina (500g)', 255.00, 'tcm10.jpg', 0.0),
(163, 9, 'Nesquik Chocolate Powder', 'Milk flavoring powder for kids', 350.00, 'tcm11.jpg', 0.0),
(164, 9, 'Lipton Green Tea', 'Honey Lemon flavor tea bags (25 Count)', 160.00, 'tcm12.jpg', 0.0),
(165, 9, 'Society Tea', 'One of the finest CTC tea blends (500g)', 270.00, 'tcm13.jpg', 0.0),
(166, 9, 'Davidoff Rich Aroma', 'Premium roasted luxury coffee (100g)', 650.00, 'tcm14.jpg', 0.0),
(167, 9, 'Tetley Green Tea', 'Immune support with Vitamin C (25 bags)', 175.00, 'tcm15.jpg', 0.0),
(168, 9, 'Amul PRO', 'Whey protein malt chocolate drink (500g)', 210.00, 'tcm16.jpg', 0.0),
(169, 9, 'Continental Xtra Coffee', 'Strong coffee and chicory blend (50g)', 110.00, 'tcm17.jpg', 0.0),
(170, 9, 'Pediasure Vanilla', 'Balanced nutrition for picky eaters (400g)', 620.00, 'tcm18.jpg', 0.0),
(171, 9, 'Organic India Tulsi Tea', 'Stress-relieving herbal tea bags', 190.00, 'tcm19.jpg', 0.0),
(172, 9, 'Milo Energy Drink', 'Activ-Go malt chocolate powder (400g)', 220.00, 'tcm20.jpg', 0.0),
(173, 7, 'Britannia Milk Bikis', 'Creamy milk biscuits for kids (100g)', 20.00, 'bb1.jpg', 0.0),
(174, 7, 'Parle-G Gold', 'The original glucose biscuits (250g)', 30.00, 'bb2.jpg', 0.0),
(175, 7, 'Oreo Vanilla', 'Chocolate sandwich cookies with vanilla cream', 40.00, 'bb3.jpg', 0.0),
(176, 7, 'Britannia Good Day', 'Rich butter cookies with cashew (200g)', 50.00, 'bb4.jpg', 0.0),
(177, 7, 'White Sandwich Bread', 'Fresh and soft milk bread (400g)', 45.00, 'bb5.jpg', 0.0),
(178, 7, 'Brown Bread', 'Whole wheat healthy brown bread (400g)', 55.00, 'bb6.jpg', 0.0),
(179, 7, 'Britannia Toastea', 'Premium crispy suji rusk (200g)', 45.00, 'bb7.jpg', 0.0),
(180, 7, 'Sunfeast Dark Fantasy', 'Choco-filled crunchy cookies', 120.00, 'bb8.jpg', 0.0),
(181, 7, 'Unibic Fruit & Nut', 'Premium cookies with fruits and nuts', 80.00, 'bb9.jpg', 0.0),
(182, 7, 'Britannia Marie Gold', 'Light and crispy tea-time biscuits', 35.00, 'bb10.jpg', 0.0),
(183, 7, 'Hide & Seek', 'Real chocolate chip cookies', 50.00, 'bb11.jpg', 0.0),
(184, 7, 'Pav Buns', 'Soft and fresh buns for Pav Bhaji (Pack of 6)', 40.00, 'bb12.jpg', 0.0),
(185, 7, 'Burger Buns', 'Sesame topped fresh burger buns (Pack of 2)', 35.00, 'bb13.jpg', 0.0),
(186, 7, 'Fruit Cake', 'Soft and spongy eggless fruit cake', 60.00, 'bb14.jpg', 0.0),
(187, 7, 'Britannia Little Hearts', 'Sweet and salty heart-shaped biscuits', 20.00, 'bb15.jpg', 0.0),
(188, 7, 'Sunfeast Mom’s Magic', 'Cashew and almond rich cookies', 45.00, 'bb16.jpg', 0.0),
(189, 7, 'Garlic Bread Sticks', 'Crispy herb-infused garlic sticks', 90.00, 'bb17.jpg', 0.0),
(190, 7, 'Chocolate Muffins', 'Soft chocolate chip muffins (Pack of 2)', 70.00, 'bb18.jpg', 0.0),
(191, 7, 'Britannia Bourbon', 'Chocolate cream biscuits with sugar crystals', 30.00, 'bb19.jpg', 0.0),
(192, 7, 'Multigrain Bread', 'High fiber multigrain loaf', 65.00, 'bb20.jpg', 0.0),
(193, 7, 'Winkies Swiss Roll', 'Creamy chocolate filled sponge roll', 25.00, 'bb21.jpg', 0.0),
(194, 8, 'Aashirvaad Shuddh Chakki Atta', 'Whole wheat flour with 0% Maida (5kg)', 245.00, 'ard1.jpg', 0.0),
(195, 8, 'Fortune Chakki Fresh Atta', 'Pure wheat flour for soft rotis (10kg)', 460.00, 'ard2.jpg', 0.0),
(196, 8, 'India Gate Basmati Rice', 'Classic Mogra long grain rice (5kg)', 450.00, 'ard3.jpg', 0.0),
(197, 8, 'Daawat Rozana Gold', 'Daily use basmati rice (5kg)', 380.00, 'ard4.jpg', 0.0),
(198, 8, 'Tata Sampann Toor Dal', 'Unpolished Arhar/Toor Dal (1kg)', 180.00, 'ard5.jpg', 0.0),
(199, 8, 'Tata Sampann Moong Dal', 'Unpolished yellow Moong Dal (1kg)', 145.00, 'ard6.jpg', 0.0),
(200, 8, 'Organic Chana Dal', 'Protein-rich unpolished Chana dal (1kg)', 110.00, 'ard7.jpg', 0.0),
(201, 8, 'Fortune Biryani Rice', 'Extra long grain rice for biryani (1kg)', 160.00, 'ard8.jpg', 0.0),
(202, 8, 'Rajma Chitra', 'Premium quality red kidney beans (500g)', 95.00, 'ard9.jpg', 0.0),
(203, 8, 'Kabuli Chana', 'Large white chickpeas (500g)', 85.00, 'ard10.jpg', 0.0),
(204, 8, 'Aashirvaad Multigrain Atta', 'Power of 6 grains for healthy rotis (5kg)', 310.00, 'ard11.jpg', 0.0),
(205, 8, 'Urad Dal Split', 'Premium Chilka Urad dal (1kg)', 155.00, 'ard12.jpg', 0.0),
(206, 8, 'Masoor Dal', 'Unpolished red Masoor dal (1kg)', 120.00, 'ard13.jpg', 0.0),
(207, 8, 'Sona Masoori Rice', 'Raw lightweight aromatic rice (5kg)', 340.00, 'ard14.jpg', 0.0),
(208, 8, 'Kolam Rice', 'Superior quality daily rice (5kg)', 360.00, 'ard15.jpg', 0.0),
(209, 8, 'Black Masoor Dal', 'Whole black lentil (Sabut Masoor) (1kg)', 115.00, 'ard16.jpg', 0.0),
(210, 8, 'Poha (Thick)', 'Pressed rice for healthy breakfast (500g)', 45.00, 'ard17.jpg', 0.0),
(211, 8, 'Sooji (Rava)', 'Fine semolina for halwa and upma (500g)', 35.00, 'ard18.jpg', 0.0),
(212, 8, 'Maida', 'Refined wheat flour for baking (1kg)', 55.00, 'ard19.jpg', 0.0),
(213, 8, 'Besan', 'Gram flour made from 100% Chana dal (500g)', 65.00, 'ard20.jpg', 0.0),
(214, 9, 'Red Label Tea', 'Strong and aromatic black tea (500g)', 280.00, 'tcm1.jpg', 0.0),
(215, 9, 'Tata Tea Premium', 'Desh ki Chai with unique blend (500g)', 260.00, 'tcm2.jpg', 0.0),
(216, 9, 'Nescafe Classic Coffee', '100% pure instant coffee (100g Jar)', 320.00, 'tcm3.jpg', 0.0),
(217, 9, 'Bru Gold Instant Coffee', 'Rich and smooth aromatic coffee (50g)', 180.00, 'tcm4.jpg', 0.0),
(218, 9, 'Wagh Bakri Tea', 'Strong CTC leaf tea (500g)', 275.00, 'tcm5.jpg', 0.0),
(219, 9, 'Taj Mahal Tea', 'Premium leaf tea for a rich taste (250g)', 195.00, 'tcm6.jpg', 0.0),
(220, 9, 'Bournvita Health Drink', 'Chocolate nutrition drink mix (500g)', 235.00, 'tcm7.jpg', 0.0),
(221, 9, 'Horlicks Classic Malt', 'Clinically proven health drink (500g)', 245.00, 'tcm8.jpg', 0.0),
(222, 9, 'Complan Royale Chocolate', 'Nutrition for growing kids (500g Jar)', 310.00, 'tcm9.jpg', 0.0),
(223, 9, 'Boost Energy Drink', 'Health drink for active stamina (500g)', 255.00, 'tcm10.jpg', 0.0),
(224, 9, 'Nesquik Chocolate Powder', 'Milk flavoring powder for kids', 350.00, 'tcm11.jpg', 0.0),
(225, 9, 'Lipton Green Tea', 'Honey Lemon flavor tea bags (25 Count)', 160.00, 'tcm12.jpg', 0.0),
(226, 9, 'Society Tea', 'One of the finest CTC tea blends (500g)', 270.00, 'tcm13.jpg', 0.0),
(227, 9, 'Davidoff Rich Aroma', 'Premium roasted luxury coffee (100g)', 650.00, 'tcm14.jpg', 0.0),
(228, 9, 'Tetley Green Tea', 'Immune support with Vitamin C (25 bags)', 175.00, 'tcm15.jpg', 0.0),
(229, 9, 'Amul PRO', 'Whey protein malt chocolate drink (500g)', 210.00, 'tcm16.jpg', 0.0),
(230, 9, 'Continental Xtra Coffee', 'Strong coffee and chicory blend (50g)', 110.00, 'tcm17.jpg', 0.0),
(231, 9, 'Pediasure Vanilla', 'Balanced nutrition for picky eaters (400g)', 620.00, 'tcm18.jpg', 0.0),
(232, 9, 'Organic India Tulsi Tea', 'Stress-relieving herbal tea bags', 190.00, 'tcm19.jpg', 0.0),
(233, 9, 'Milo Energy Drink', 'Activ-Go malt chocolate powder (400g)', 220.00, 'tcm20.jpg', 0.0),
(234, 10, 'California Almonds', 'Premium handpicked badam (250g)', 280.00, 'df1.jpg', 0.0),
(235, 10, 'Whole Cashews', 'W320 Grade large kaju (250g)', 320.00, 'df2.jpg', 0.0),
(236, 10, 'California Walnuts', 'Shelled akhrot kernels, rich in Omega-3 (200g)', 350.00, 'df3.jpg', 0.0),
(237, 10, 'Green Raisins', 'Sweet and seedless kishmish (200g)', 110.00, 'df4.jpg', 0.0),
(238, 10, 'Pistachios (Roasted)', 'Salted and roasted pistas in shell (200g)', 380.00, 'df5.jpg', 0.0),
(239, 10, 'Dried Apricots', 'Soft and sweet Jardalu from Ladakh (200g)', 240.00, 'df6.jpg', 0.0),
(240, 10, 'Kimia Dates', 'Soft and juicy original Iranian dates (500g)', 290.00, 'df7.jpg', 0.0),
(241, 10, 'Dried Figs', 'Premium Anjeer, high in fiber (200g)', 450.00, 'df8.jpg', 0.0),
(242, 10, 'Makhana (Phool)', 'Healthy puffed foxnuts (100g)', 160.00, 'df9.jpg', 0.0),
(243, 10, 'Mixed Dry Fruits', 'Power mix of nuts and berries (250g)', 400.00, 'df10.jpg', 0.0),
(244, 10, 'Dried Cranberries', 'Tangy and sweet superfruit (200g)', 220.00, 'df11.jpg', 0.0),
(245, 10, 'Brazil Nuts', 'Rich in selenium and nutrients (100g)', 550.00, 'df12.jpg', 0.0),
(246, 10, 'Oman Dates', 'Premium quality dark dates (500g)', 180.00, 'df13.jpg', 0.0),
(247, 10, 'Black Raisins', 'Seedless black kishmish with stalks (200g)', 140.00, 'df14.jpg', 0.0),
(248, 10, 'Pumpkin Seeds', 'Roasted healthy snack seeds (150g)', 190.00, 'df15.jpg', 0.0),
(249, 11, 'Maggi 2-Minute Noodles', 'Classic masala noodles (Pack of 4)', 60.00, 'if1.jpg', 0.0),
(250, 11, 'Yippee Magic Masala', 'Long and non-sticky instant noodles', 15.00, 'if2.jpg', 0.0),
(251, 11, 'Knorr Hot & Sour Soup', 'Restaurant style instant veg soup', 55.00, 'if3.jpg', 0.0),
(252, 11, 'Ching’s Secret Schezwan', 'Spicy instant stir-fry noodles', 20.00, 'if4.jpg', 0.0),
(253, 11, 'Bambino Roasted Vermicelli', 'Short-cut semiya for upma or kheer', 45.00, 'if5.jpg', 0.0),
(254, 11, 'MTR Ready-to-Eat Poha', 'Quick breakfast breakfast mix (80g)', 30.00, 'if6.jpg', 0.0),
(255, 11, 'Tata Sampann Khichdi Mix', 'Ready to cook nutritious dal khichdi', 120.00, 'if7.jpg', 0.0),
(256, 11, 'Nissin Cup Noodles', 'Spicy vegetable cup noodles with fork', 50.00, 'if8.jpg', 0.0),
(257, 11, 'Top Ramen Curry', 'Flat instant noodles with curry seasoning', 20.00, 'if9.jpg', 0.0),
(258, 11, 'MTR Dal Makhani', 'Heat and eat ready meal (300g)', 110.00, 'if10.jpg', 0.0),
(259, 11, 'Maggi Pazzta', 'Cheesy tomato twist instant pasta', 28.00, 'if11.jpg', 0.0),
(260, 11, 'Gits Ready-to-Eat Idli', 'Instant idli batter mix (500g)', 135.00, 'if12.jpg', 0.0),
(261, 11, 'Act II Microwave Popcorn', 'Butter pepper flavored instant popcorn', 40.00, 'if13.jpg', 0.0),
(262, 12, 'Kissan Fresh Tomato Ketchup', 'Made with 100% real tomatoes (950g)', 155.00, 'ss1.jpg', 0.0),
(263, 12, 'Maggi Hot & Sweet Sauce', 'Unique blend of tomatoes and chilies', 130.00, 'ss2.jpg', 0.0),
(264, 12, 'FunFoods Veg Mayonnaise', 'Creamy and eggless classic mayo (400g)', 115.00, 'ss3.jpg', 0.0),
(265, 12, 'Kissan Mixed Fruit Jam', 'Blend of 8 fruit pulps (500g)', 170.00, 'ss4.jpg', 0.0),
(266, 12, 'Hershey’s Chocolate Syrup', 'Perfect for milk and desserts (623g)', 225.00, 'ss5.jpg', 0.0),
(267, 12, 'Nutella Hazelnut Spread', 'Cocoa spread with hazelnuts (350g)', 420.00, 'ss6.jpg', 0.0),
(268, 12, 'Dr. Oetker Peanut Butter', 'Creamy protein-rich peanut butter (340g)', 190.00, 'ss7.jpg', 0.0),
(269, 12, 'Ching’s Schezwan Chutney', 'Spicy dip and spread for snacks', 95.00, 'ss8.jpg', 0.0),
(270, 12, 'Del Monte Sandwich Spread', 'Eggless spread with crunchy veggies', 110.00, 'ss9.jpg', 0.0),
(271, 12, 'Veeba Eggless Mayonnaise', 'Premium garlic flavored mayo', 140.00, 'ss10.jpg', 0.0),
(272, 12, 'Amul Chocolate Spread', 'Rich milk chocolate spread', 180.00, 'ss11.jpg', 0.0),
(273, 12, 'Mapro Strawberry Jam', 'Fresh strawberry fruit preserve', 160.00, 'ss12.jpg', 0.0),
(274, 12, 'Wingreens Peri Peri Sauce', 'Extra spicy peri peri chili sauce', 199.00, 'ss13.jpg', 0.0),
(275, 12, 'Saffola Peanut Butter', 'High protein crunchy peanut butter', 210.00, 'ss14.jpg', 0.0),
(276, 12, 'Honey (Dabur)', '100% pure Himalayan honey (250g)', 125.00, 'ss15.jpg', 0.0),
(277, 13, 'Amul Vanilla Magic', 'Classic vanilla family pack (1L Tub)', 180.00, 'ic1.jpg', 0.0),
(278, 13, 'Kwality Walls Cornetto', 'Creamy chocolate and vanilla cone', 45.00, 'ic2.jpg', 0.0),
(279, 13, 'Havmor Rajbhog Tub', 'Rich traditional dry fruit ice cream (500ml)', 250.00, 'ic3.jpg', 0.0),
(280, 13, 'Amul Choco Bar', 'Vanilla ice cream with chocolate coating', 25.00, 'ic4.jpg', 0.0),
(281, 13, 'Kwality Walls Magnum', 'Classic Belgian chocolate almond stick', 99.00, 'ic5.jpg', 0.0),
(282, 13, 'Amul Tricone Butterscotch', 'Crunchy butterscotch cone with nuts', 50.00, 'ic6.jpg', 0.0),
(283, 13, 'Baskin Robbins Mississippi', 'Premium mud slide chocolate tub (450ml)', 450.00, 'ic7.jpg', 0.0),
(284, 13, 'Mother Dairy Cassatta', 'Layered cake ice cream slice', 70.00, 'ic8.jpg', 0.0),
(285, 13, 'Havmor Zulubar', 'Rich chocolate bar with caramel', 40.00, 'ic9.jpg', 0.0),
(286, 13, 'Vadilal Mango Dolly', 'Real mango pulp frozen dessert stick', 30.00, 'ic10.jpg', 0.0),
(287, 14, 'Dettol Original Soap', 'Germ protection bathing bar (Pack of 3)', 165.00, 'bbd1.jpg', 0.0),
(288, 14, 'Dove Cream Bar', 'Moisturizing soap for soft skin (125g)', 85.00, 'bbd2.jpg', 0.0),
(289, 14, 'Pears Pure & Gentle', 'Glycerin transparent soap for glowing skin', 75.00, 'bbd3.jpg', 0.0),
(290, 14, 'Nivea Shower Gel', 'Pure Fresh refreshing body wash (250ml)', 199.00, 'bbd4.jpg', 0.0),
(291, 14, 'Dettol Handwash Refill', 'Liquid handwash skin protection (750ml)', 140.00, 'bbd5.jpg', 0.0),
(292, 14, 'Fiama Gel Bar', 'Exotic dream blackcurrant and bearberry soap', 90.00, 'bbd6.jpg', 0.0),
(293, 14, 'Lifebuoy Total 10', 'Advanced silver shield formula handwash', 125.00, 'bbd7.jpg', 0.0),
(294, 15, 'Parachute Coconut Oil', '100% pure coconut hair oil (200ml)', 90.00, 'h1.jpg', 0.0),
(295, 15, 'Head & Shoulders Shampoo', 'Anti-dandruff smooth and silky (180ml)', 175.00, 'h2.jpg', 0.0),
(296, 15, 'Dove Hair Fall Rescue', 'Strengthening shampoo for weak hair', 185.00, 'h3.jpg', 0.0),
(297, 15, 'Pantene Conditioner', 'Advanced hair fall control conditioner', 160.00, 'h4.jpg', 0.0),
(298, 15, 'Indulekha Bringha Oil', 'Ayurvedic proprietary medicine for hair fall', 430.00, 'h5.jpg', 0.0),
(299, 15, 'L’Oreal Paris Total Repair 5', 'Restoring shampoo for damaged hair', 220.00, 'h6.jpg', 0.0),
(300, 15, 'Bajaj Almond Drops', 'Non-sticky hair oil with Vitamin E', 75.00, 'h7.jpg', 0.0),
(301, 15, 'Tresemme Keratin Smooth', 'Salon quality shampoo with keratin', 250.00, 'h8.jpg', 0.0),
(302, 16, 'Himalaya Purifying Neem Face Wash', 'Prevents pimples and purifies skin (150ml)', 185.00, 'sf1.jpg', 0.0),
(303, 16, 'Nivea Soft Moisturizer', 'Light moisturizing cream for face & hands', 95.00, 'sf2.jpg', 0.0),
(304, 16, 'Pond’s Bright Beauty', 'Spotless glow face cream (50g)', 120.00, 'sf3.jpg', 0.0),
(305, 16, 'Garnier Men Face Wash', 'Turbo Bright anti-pollution double action', 190.00, 'sf4.jpg', 0.0),
(306, 16, 'Neutrogena Sunscreen', 'Ultra Sheer Dry-Touch SPF 50+', 250.00, 'sf5.jpg', 0.0),
(307, 16, 'Cetaphil Gentle Cleanser', 'Hydrating cleanser for sensitive skin', 330.00, 'sf6.jpg', 0.0),
(308, 16, 'Lakme Peach Milk', 'Soft glowing skin moisturizer', 140.00, 'sf7.jpg', 0.0),
(309, 16, 'Clean & Clear Foaming Wash', 'Oil-free face wash for teenagers', 110.00, 'sf8.jpg', 0.0),
(310, 17, 'Lakme Eyeconic Kajal', 'Deep black, smudge-proof (0.35g)', 180.00, 'bc1.jpg', 0.0),
(311, 17, 'Maybelline Mascara', 'Hypercurl waterproof black mascara', 399.00, 'bc2.jpg', 0.0),
(312, 17, 'Elle 18 Nail Pops', 'Vibrant nail colors for every mood', 60.00, 'bc3.jpg', 0.0),
(313, 17, 'Lakme 9to5 Lipstick', 'Matte finish long-lasting lip color', 450.00, 'bc4.jpg', 0.0),
(314, 17, 'Pond’s BB+ Cream', 'Instant spot coverage and glow', 90.00, 'bc5.jpg', 0.0),
(315, 17, 'Colorbar Primer', 'Perfect match face primer', 850.00, 'bc6.jpg', 0.0),
(316, 17, 'Maybelline Fit Me Foundation', 'Matte + Poreless liquid foundation', 549.00, 'bc7.jpg', 0.0),
(317, 18, 'Vim Dishwash Liquid', 'Lemon power degreaser (500ml)', 105.00, 'hl1.jpg', 0.0),
(318, 18, 'Ariel Matic Liquid', 'Front load liquid detergent (1L)', 240.00, 'hl2.jpg', 0.0),
(319, 18, 'Comfort Fabric Conditioner', 'Morning fresh blue liquid (200ml)', 60.00, 'hl3.jpg', 0.0),
(320, 18, 'Lizol Floor Cleaner', 'Disinfectant surface cleaner (500ml)', 115.00, 'hl4.jpg', 0.0),
(321, 18, 'Harpic Toilet Cleaner', 'Power Plus 10X blue (500ml)', 95.00, 'hl5.jpg', 0.0),
(322, 18, 'Godrej Aer Spray', 'Fresh lush green room freshener', 160.00, 'hl6.jpg', 0.0),
(323, 18, 'Odonil Bathroom Air', 'Lavender meadows block (50g)', 55.00, 'hl7.jpg', 0.0),
(324, 18, 'Dettol Disinfectant Spray', 'Multipurpose surface sanitizer', 190.00, 'hl8.jpg', 0.0),
(325, 19, 'Duracell AA Batteries', 'Chalky alkaline batteries (Pack of 4)', 150.00, 'ele1.jpg', 0.0),
(326, 19, 'Syska LED Bulb', '9W Cool day light bulb', 99.00, 'ele2.jpg', 0.0),
(327, 19, 'boAt Bassheads Earphones', 'Wired earphones with mic', 499.00, 'ele3.jpg', 0.0),
(328, 19, 'SanDisk 64GB Pendrive', 'USB 3.0 high speed flash drive', 550.00, 'ele4.jpg', 0.0),
(329, 19, 'TP-Link Wi-Fi Router', '300Mbps Wireless N Router', 1100.00, 'ele5.jpg', 0.0),
(330, 19, 'Xiaomi Power Bank', '10000mAh fast charging', 1299.00, 'ele6.jpg', 0.0),
(331, 19, 'Ambrane Type-C Cable', 'Fast charging data sync cable', 199.00, 'ele7.jpg', 0.0),
(332, 20, 'Classmate Notebook', 'Single line long book (172 pages)', 65.00, 'st1.jpg', 0.0),
(333, 20, 'Parker Vector Pen', 'Stainless steel roller ball pen', 350.00, 'st2.jpg', 0.0),
(334, 20, 'Natraj Pencil Box', 'Set of 10 pencils with eraser', 50.00, 'st3.jpg', 0.0),
(335, 20, 'Fevicol MR Squeeze', 'White adhesive glue (50g)', 25.00, 'st4.jpg', 0.0),
(336, 20, 'Casio Calculator', 'Basic 12-digit electronic calculator', 450.00, 'st5.jpg', 0.0),
(337, 20, 'Camel Oil Pastels', 'Set of 12 bright colors', 40.00, 'st6.jpg', 0.0),
(338, 20, 'A4 Paper Bundle', 'JK Copier (50 sheets)', 45.00, 'st7.jpg', 0.0),
(339, 21, 'Mattel Uno Cards', 'Classic family card game', 199.00, 'g1.jpg', 0.0),
(340, 21, 'Rubik’s Cube', '3x3 High speed puzzle cube', 250.00, 'g2.jpg', 0.0),
(341, 21, 'Ludo & Snakes Board', 'Double sided wooden board game', 150.00, 'g3.jpg', 0.0),
(342, 21, 'Playing Cards', 'Premium plastic coated deck', 80.00, 'g4.jpg', 0.0),
(343, 21, 'Jenga Classic', 'Wood block stacking game', 699.00, 'g5.jpg', 0.0),
(344, 21, 'Monopoly Deluxe', 'Classic property trading game', 899.00, 'g6.jpg', 0.0),
(345, 21, 'Cricket Tennis Ball', 'Heavy weight red tennis ball', 70.00, 'g7.jpg', 0.0),
(346, 22, 'Cycle Agarbatti', 'Three-in-one incense sticks', 60.00, 'pj1.jpg', 0.0),
(347, 22, 'Pure Camphor (Kapoor)', 'Aromatic bhimseni camphor (50g)', 120.00, 'pj2.jpg', 0.0),
(348, 22, 'Pooja Ghee Batti', 'Ready to use cotton wicks', 85.00, 'pj3.jpg', 0.0),
(349, 22, 'Sandalwood Paste', 'Ashtagandha chandan powder', 45.00, 'pj4.jpg', 0.0),
(350, 22, 'Ganga Jal', 'Holy water from Haridwar (200ml)', 30.00, 'pj5.jpg', 0.0),
(351, 22, 'Brass Diya', 'Traditional handcrafted oil lamp', 199.00, 'pj6.jpg', 0.0),
(352, 22, 'Cotton Wicks (Round)', 'Pack of 100 soft cotton batti', 25.00, 'pj7.jpg', 0.0),
(353, 23, 'Crocin Advance', 'Fast pain and fever relief (15 tabs)', 30.00, 'ph1.jpg', 0.0),
(354, 23, 'Vicks VapoRub', 'Cold relief cough and cold balm', 55.00, 'ph2.jpg', 0.0),
(355, 23, 'Dettol Antiseptic', 'First aid liquid disinfectant', 40.00, 'ph3.jpg', 0.0),
(356, 23, 'Hansaplast Bandage', 'Washproof medicated strips (Pack of 10)', 25.00, 'ph4.jpg', 0.0),
(357, 23, 'Himalaya Liv 52', 'Ayurvedic liver protection tablets', 140.00, 'ph5.jpg', 0.0),
(358, 23, 'Volini Spray', 'Pain relief instant spray', 150.00, 'ph6.jpg', 0.0),
(359, 23, 'Eno Fruit Salt', 'Instant acidity relief (Sachet)', 10.00, 'ph7.jpg', 0.0),
(360, 24, 'Pedigree Dog Food', 'Chicken and vegetables adult (1kg)', 240.00, 'pt1.jpg', 0.0),
(361, 24, 'Whiskas Cat Food', 'Ocean fish dry food (450g)', 210.00, 'pt2.jpg', 0.0),
(362, 24, 'Dog Squeaky Toy', 'Durable rubber bone toy', 120.00, 'pt3.jpg', 0.0),
(363, 24, 'Cat Litter Scoop', 'Plastic durable cleaning scoop', 99.00, 'pt4.jpg', 0.0),
(364, 24, 'Pet Shampoo', 'Anti-tick and flea dog wash', 250.00, 'pt5.jpg', 0.0),
(365, 24, 'Dog Leash', 'Nylon adjustable neck collar', 150.00, 'pt6.jpg', 0.0),
(366, 24, 'Bird Seed Mix', 'Healthy feed for small birds', 80.00, 'pt7.jpg', 0.0),
(367, 25, 'Hot Wheels Car', 'Die-cast racing car model', 120.00, 'ty1.jpg', 0.0),
(368, 25, 'Barbie Doll', 'Classic fashion model doll', 599.00, 'ty2.jpg', 0.0),
(369, 25, 'LEGO Classic Set', 'Creative building bricks', 899.00, 'ty3.jpg', 0.0),
(370, 25, 'Soft Teddy Bear', 'Plush brown teddy (12 inch)', 350.00, 'ty4.jpg', 0.0),
(371, 25, 'Remote Control Car', 'High speed rechargeable racing car', 999.00, 'ty5.jpg', 0.0),
(372, 25, 'Baby Rattle Set', 'Non-toxic colorful rattle toys', 180.00, 'ty6.jpg', 0.0),
(373, 25, 'Bubble Maker Gun', 'Battery operated bubble blower', 299.00, 'ty7.jpg', 0.0),
(374, 26, 'Yonex Badminton Racket', 'GR 303 lightweight steel racket', 750.00, 'sp1.jpg', 0.0),
(375, 26, 'Nivia Football', 'Stitched synthetic leather ball', 650.00, 'sp2.jpg', 0.0),
(376, 26, 'Yoga Mat', 'Non-slip 6mm exercise mat', 499.00, 'sp3.jpg', 0.0),
(377, 26, 'Skipping Rope', 'Adjustable speed jump rope', 199.00, 'sp4.jpg', 0.0),
(378, 26, 'Cricket Bat (Plastic)', 'Full size heavy duty plastic bat', 450.00, 'sp5.jpg', 0.0),
(379, 26, 'Swimming Goggles', 'Anti-fog UV protection goggles', 350.00, 'sp6.jpg', 0.0),
(380, 26, 'Dumbbells Set', 'PVC coated 2kg x 2 weights', 599.00, 'sp7.jpg', 0.0),
(381, 27, 'White T-Shirt', '100% Cotton plain white tee', 399.00, 'fa1.jpg', 0.0),
(382, 27, 'Black Socks', 'Ankle length cotton socks (Pair of 3)', 199.00, 'fa2.jpg', 0.0),
(383, 27, 'Leather Belt', 'Classic brown formal belt', 450.00, 'fa3.jpg', 0.0),
(384, 27, 'Sunglasses', 'UV400 Protected aviator glasses', 299.00, 'fa4.jpg', 0.0),
(385, 27, 'Sling Bag', 'Small travel cross-body bag', 499.00, 'fa5.jpg', 0.0),
(386, 27, 'Winter Beanie', 'Soft wool knitted cap', 150.00, 'fa6.jpg', 0.0),
(387, 27, 'Canvas Wallet', 'Slim bi-fold casual wallet', 250.00, 'fa7.jpg', 0.0),
(388, 28, 'Infant Bathtub', 'Ergonomic non-slip bathtub with drain plug', 850.00, 'k1.jpg', 0.0),
(389, 28, 'Duckie Bath Thermometer', 'Floating toy thermometer for safe water temp', 150.00, 'k2.jpg', 0.0),
(390, 28, 'Stuffed Elephant', 'Plush soft toy for nursery decoration', 499.00, 'k3.jpg', 0.0),
(391, 28, 'Baby Bouncer Seat', 'Adjustable vibrating bouncer with toy bar', 2499.00, 'k4.jpg', 0.0),
(392, 28, 'Silicone Teether Set', 'BPA-free fruit shaped easy-grip teethers', 199.00, 'k5.jpg', 0.0),
(393, 28, 'Stacking Rings', 'Classic rainbow color educational toy', 299.00, 'k6.jpg', 0.0),
(394, 28, 'Musical Baby Gym', 'Soft play mat with hanging toys and piano', 1599.00, 'k7.jpg', 0.0),
(395, 28, 'Bath Toy Boat Set', 'Set of 3 stackable floating boats for tub', 250.00, 'k8.jpg', 0.0);

-- --------------------------------------------------------

--
-- Table structure for table `product_features`
--

CREATE TABLE `product_features` (
  `id` int(11) NOT NULL,
  `product_id` int(11) NOT NULL,
  `feature` varchar(255) DEFAULT NULL
) ENGINE=InnoDB DEFAULT CHARSET=utf8mb4 COLLATE=utf8mb4_general_ci;

--
-- Dumping data for table `product_features`
--

INSERT INTO `product_features` (`id`, `product_id`, `feature`) VALUES
(1, 1, 'Naturally sweet and crunchy texture'),
(2, 1, 'Rich in dietary fiber and Vitamin C'),
(3, 1, 'Sourced from high-altitude orchards'),
(4, 2, 'High in potassium and instant energy'),
(5, 2, 'Naturally ripened without chemicals'),
(6, 2, 'Perfect for pre-workout snacks'),
(7, 3, 'Extra juicy with a sweet-tangy flavor'),
(8, 3, 'Boosts immunity with Vitamin C'),
(9, 3, 'Thin skin, easy to peel and juice'),
(10, 4, 'Sweet and seedless variety'),
(11, 4, 'Rich in antioxidants and minerals'),
(12, 4, 'Cleaned and ready to eat'),
(13, 5, 'Authentic Ratnagiri Alphonso'),
(14, 5, 'Rich, creamy, and non-fibrous pulp'),
(15, 5, 'Intense aroma and superior sweetness'),
(16, 6, 'Handpicked for perfect ripeness'),
(17, 6, 'Refreshing tropical taste'),
(18, 6, 'Good source of Bromelain for digestion'),
(19, 7, 'Grown organically in Mahabaleshwar'),
(20, 7, 'Plump, red, and naturally sweet'),
(21, 7, 'Carefully packed to prevent bruising'),
(22, 8, 'Highly hydrating summer fruit'),
(23, 8, 'Dark green rind with sweet red flesh'),
(24, 8, 'Low in calories, high in Lycopene'),
(25, 9, 'Helps improve digestive health'),
(26, 9, 'Rich in Vitamin A and Papain enzyme'),
(27, 9, 'Semi-ripe for longer shelf life'),
(28, 10, 'Zesty and tangy green flesh'),
(29, 10, 'Contains more Vitamin C than oranges'),
(30, 10, 'Premium imported quality'),
(31, 11, 'Bright red, juicy pearls (Arils)'),
(32, 11, 'Heart-healthy and iron-rich'),
(33, 11, 'Sourced from premium Solapur farms'),
(34, 12, 'Crunchy and sweet white pulp'),
(35, 12, 'High in fiber and low glycemic index'),
(36, 12, 'Classic desi taste and aroma'),
(37, 13, 'Firm, juicy, and deep red'),
(38, 13, 'Sweet taste with a hint of tartness'),
(39, 13, 'Premium seasonal import'),
(40, 14, 'Ultimate superfood for brain health'),
(41, 14, 'Antioxidant-rich snack'),
(42, 14, 'Global standard quality berries'),
(43, 15, 'Soft, buttery, and sweet flesh'),
(44, 15, 'Gentle on the stomach, high in water'),
(45, 15, 'Great for salads and snacking'),
(46, 16, 'Aromatic and velvet-skinned'),
(47, 16, 'Sweet, juicy, and stone-free fruit'),
(48, 16, 'Freshly picked from hill stations'),
(49, 17, 'Tangy skin with sweet juicy center'),
(50, 17, 'Great for natural jams and tarts'),
(51, 17, 'Rich in Vitamin K and fiber'),
(52, 18, 'Exotic appearance, mild sweet taste'),
(53, 18, 'Rich in magnesium and iron'),
(54, 18, 'Low calorie and very nutritious'),
(55, 19, 'Creamy, custard-like sweet texture'),
(56, 19, 'Natural energy booster'),
(57, 19, 'Sourced from organic orchards'),
(58, 20, 'Sweet and cooling cantaloupe'),
(59, 20, 'High water content for hydration'),
(60, 20, 'Rich in Beta-Carotene'),
(78, 21, 'Freshly sourced from local farms'),
(79, 21, 'Versatile for boiling, frying, or baking'),
(80, 22, 'Sharp flavor, perfect for base gravies'),
(81, 22, 'Long shelf life when stored in cool places'),
(82, 23, 'Juicy and vine-ripened red tomatoes'),
(83, 23, 'Rich source of Lycopene and Vitamin C'),
(84, 24, 'Sweet, crunchy, and rich in Beta-Carotene'),
(85, 24, 'Great for salads, juices, or cooking'),
(86, 25, 'High in fiber and antioxidants'),
(87, 25, 'Premium green florets for healthy steaming'),
(88, 26, 'Fresh leafy greens rich in Iron'),
(89, 26, 'Pre-washed and ready for cooking'),
(90, 27, 'Tight, white curds without blemishes'),
(91, 27, 'Naturally low in calories'),
(92, 28, 'Crisp leaves, ideal for salads or stir-fry'),
(93, 28, 'Excellent source of Vitamin K'),
(94, 29, 'Thick-walled and crunchy capsicum'),
(95, 29, 'Grown in controlled greenhouse environments'),
(96, 30, 'Refreshing and high water content'),
(97, 30, 'Cooling properties for summer salads'),
(98, 31, 'Pungent and spicy organic root'),
(99, 31, 'Natural remedy for digestion and immunity'),
(100, 32, 'Strong aroma and bold flavor'),
(101, 32, 'Firm bulbs with easy-to-peel cloves'),
(102, 33, 'Perfect heat level for Indian cooking'),
(103, 33, 'Handpicked for spice and freshness'),
(104, 34, 'Tender and slim pods (Bhindi)'),
(105, 34, 'Rich in folate and dietary fiber'),
(106, 35, 'Smooth skin with soft, meaty interior'),
(107, 35, 'Ideal for roasting or making Bharta'),
(108, 36, 'Light on the stomach and hydrating'),
(109, 36, 'Recommended for detox and weight loss'),
(110, 37, 'High nutritional and medicinal value'),
(111, 37, 'Sourced from chemical-free farms'),
(112, 38, 'Crunchy white radish with peppery flavor'),
(113, 38, 'Great for digestion and salads'),
(114, 39, 'Slow-release energy and fiber-rich'),
(115, 39, 'Naturally sweet and creamy texture'),
(116, 40, 'Fresh white button mushrooms'),
(117, 40, 'Packed in moisture-controlled trays'),
(118, 41, 'Classic salted for a timeless taste'),
(119, 41, 'Thinly sliced and extra crispy'),
(120, 42, 'Made with rich premium milk chocolate'),
(121, 42, 'Loaded with crunchy roasted almonds'),
(122, 43, 'Slow-roasted for maximum crunch'),
(123, 43, 'Seasoned with hand-picked sea salt'),
(124, 44, 'Coated with spicy traditional masalas'),
(125, 44, 'High protein tea-time snack'),
(126, 45, 'Melts-in-your-mouth cheesy texture'),
(127, 45, 'Baked, not fried, for a lighter snack'),
(128, 46, 'Perfect for dipping in salsa or cheese'),
(129, 46, 'Authentic stone-ground corn flavor'),
(130, 47, 'Packed with real semi-sweet choco-chips'),
(131, 47, 'Golden-baked with a soft buttery center'),
(132, 48, 'Assorted mix of sev, nuts, and lentils'),
(133, 48, 'Traditional spice blend from North India'),
(134, 49, 'Classic cinema-style butter flavor'),
(135, 49, 'High-fiber, light whole grain snack'),
(136, 50, 'Knotted shape for a satisfying crunch'),
(137, 50, 'Baked low-fat alternative to chips'),
(138, 51, 'Balance of sweet raisins and savory nuts'),
(139, 51, 'Great source of natural antioxidants'),
(140, 52, 'Seasoned with a hint of soy and spices'),
(141, 52, 'Gluten-free crispy light bites'),
(142, 53, 'Light and airy multi-layered wafers'),
(143, 53, 'Sweet strawberry cream filling'),
(144, 54, 'Packed with whole grain oats and honey'),
(145, 54, 'On-the-go energy for busy mornings'),
(146, 55, 'Light, tangy, and mildly spicy'),
(147, 55, 'Zero cholesterol snack'),
(148, 56, 'Best served chilled at 4°C'),
(149, 56, 'Iconic refreshing cola taste'),
(150, 58, 'No added sugar or artificial flavors'),
(151, 65, 'Naturally rich in electrolytes'),
(152, 73, 'Rich in Calcium and Vitamin D'),
(153, 73, 'Pasteurized for safety and freshness'),
(154, 79, 'Soft and fresh cottage cheese cubes'),
(155, 79, 'High protein source for vegetarians'),
(156, 92, 'Traditional aroma and granular texture'),
(157, 92, 'Aids in digestion and boosts immunity'),
(158, 102, 'Vacuum evaporated for high purity'),
(159, 102, 'Iodized for mental development'),
(160, 116, 'Super soft and freshly baked'),
(161, 116, 'Perfect for sandwiches and toast'),
(162, 114, 'Crunchy cocoa cookies with creamy filling'),
(163, 133, '100% whole wheat with natural bran'),
(164, 133, 'Makes soft and fluffy rotis'),
(165, 135, 'Extra long grain with distinct aroma'),
(166, 155, '100% pure instant coffee beans'),
(167, 153, 'Specially blended for high quality color'),
(168, 234, 'Premium quality, hand-picked nuts'),
(169, 234, 'Rich in Vitamin E and Omega-3'),
(170, 56, 'Iconic refreshing cola taste'),
(171, 56, 'Best served chilled at 4°C'),
(172, 57, 'Classic carbonated refreshment'),
(173, 57, 'Perfect companion for meals'),
(174, 58, '100% pure squeezed juice'),
(175, 58, 'No added sugar or preservatives'),
(176, 59, 'Rich in Vitamin C'),
(177, 59, 'Made from premium orchard apples'),
(178, 60, 'Multi-stage purification process'),
(179, 60, 'Added minerals for a crisp taste'),
(180, 61, 'Antioxidant-rich organic leaves'),
(181, 61, 'Helps in boosting metabolism'),
(182, 62, 'Aromatic Arabica & Robusta blend'),
(183, 62, 'Dissolves instantly in milk or water'),
(184, 63, 'High caffeine for mental focus'),
(185, 63, 'Vitamins B3, B6, and B12 infused'),
(186, 64, 'Real lemon juice extracts'),
(187, 64, 'Perfect balance of sweet and tangy'),
(188, 65, 'Natural source of electrolytes'),
(189, 65, 'Fat-free and cholesterol-free'),
(190, 66, 'Refreshing peach fruit flavor'),
(191, 66, 'Real tea extracts brewed cold'),
(192, 67, 'Thick, velvety, and creamy'),
(193, 67, 'Made with real Alphonso pulp'),
(194, 68, 'Extra bubbly carbonation'),
(195, 68, 'Zero calorie mixer for beverages'),
(196, 69, 'Rich source of Lycopene'),
(197, 69, 'Savory flavor for soups or drinks'),
(198, 70, 'Natural ginger root flavor'),
(199, 70, 'Crisp and refreshing finish'),
(200, 71, 'Dark purple sweet grape extract'),
(201, 71, 'No artificial colors added'),
(202, 72, 'Indulgent Belgian cocoa flavor'),
(203, 72, 'High calcium dairy treat'),
(204, 73, 'Rich in Calcium and Vitamin D'),
(205, 73, 'Pasteurized for safety and freshness'),
(206, 74, '0.5% fat for heart health'),
(207, 74, 'Perfect for weight management'),
(208, 75, 'Creamy and easy to spread'),
(209, 75, 'Perfectly seasoned for toast'),
(210, 76, 'Pure white butter with no salt'),
(211, 76, 'Preferred choice for baking and cakes'),
(212, 77, 'Aged for a sharp, tangy flavor'),
(213, 77, 'Firm texture, ideal for grating'),
(214, 78, 'Excellent stretch and meltability'),
(215, 78, 'Perfect for pizzas and lasagnas'),
(216, 79, 'High protein source for vegetarians'),
(217, 79, 'Soft and fresh malai texture'),
(218, 80, 'Probiotic-rich for gut health'),
(219, 80, 'Thick and creamy daily dahi'),
(220, 81, 'Double the protein of regular yogurt'),
(221, 81, 'Strained for a thick, velvety feel'),
(222, 82, 'Adds richness to gravies and soups'),
(223, 82, 'Low-fat alternative to heavy cream'),
(224, 83, 'Sweetened for instant dessert making'),
(225, 83, 'Perfect for Kheer and Mithai'),
(226, 84, 'Cooling and digestive refreshment'),
(227, 84, 'Lightly spiced with cumin and ginger'),
(228, 85, 'Light, airy, and stable peaks'),
(229, 85, 'Ideal for cake decoration and toppings'),
(230, 86, 'Tangy flavor for Mexican dishes'),
(231, 86, 'Great base for creamy dips'),
(232, 87, 'Hard, granular texture'),
(233, 87, 'Rich umami flavor for pasta'),
(234, 88, '100% plant-based and lactose-free'),
(235, 88, 'Rich in soy protein and minerals'),
(236, 89, 'Cholesterol-free butter substitute'),
(237, 89, 'Soft texture even when cold'),
(238, 90, 'Rich cocoa chocolate flavor'),
(239, 90, 'Energizing milk drink for kids'),
(240, 91, 'Individually wrapped for hygiene'),
(241, 91, 'Quick melt for burgers and sandwiches'),
(242, 92, 'Rich aroma and granular texture'),
(243, 92, 'Aids digestion and boosts immunity'),
(244, 93, 'Made with special Slo-Cook process'),
(245, 93, 'Long-lasting fresh aroma'),
(246, 94, 'Pure Kachi Ghani (Cold Pressed)'),
(247, 94, 'Rich in Omega-3 and Omega-6'),
(248, 95, 'Pro-healthy heart blended oil'),
(249, 95, 'With Losorb technology for lower oil absorption'),
(250, 96, 'Refined and lightweight cooking oil'),
(251, 96, 'Enriched with Vitamin A and D'),
(252, 97, 'Pure olive oil for mild cooking'),
(253, 97, 'Rich in antioxidants and healthy fats'),
(254, 98, 'Contains natural Curcumin oils'),
(255, 98, 'Sourced from high-quality Salem farms'),
(256, 99, 'Gives vibrant red color without high heat'),
(257, 99, 'Unique blend of Kashmiri red chilies'),
(258, 100, 'Authentic blend of aromatic spices'),
(259, 100, 'Enhances the flavor of any gravy'),
(260, 101, 'Freshly ground with cool-grinding technology'),
(261, 101, 'Retains natural essential oils'),
(262, 102, 'Vacuum evaporated for high purity'),
(263, 102, 'The original Desh ka Namak'),
(264, 103, 'Fortified with Vitamin A, Iron, and Iodine'),
(265, 103, 'The perfect taste enhancer for vegetables'),
(266, 104, 'Pure and nutritious cow milk fat'),
(267, 104, 'Excellent for holistic health'),
(268, 105, 'Balanced spice mix for non-veg curries'),
(269, 105, 'Gives authentic restaurant-style taste'),
(270, 106, 'The king of all masalas'),
(271, 106, 'Versatile use in dry and gravy dishes'),
(272, 107, 'Filtered to retain natural nutrients'),
(273, 107, 'High smoke point for deep frying'),
(274, 108, 'Strong and pungent aromatic spice'),
(275, 108, 'Aids in digestion and reduces bloating'),
(276, 109, 'Tangy and savory spice blend'),
(277, 109, 'Perfect for fruit salads and street food'),
(278, 110, 'Traditional taste and high purity'),
(279, 110, 'Rich in fat-soluble vitamins'),
(280, 111, 'Extra virgin olive oil from Spanish olives'),
(281, 111, 'Cold pressed for maximum nutrient retention'),
(282, 112, 'Enriched with the goodness of milk'),
(283, 112, 'Crunchy biscuits with a creamy taste'),
(284, 113, 'The classic taste of glucose and milk'),
(285, 113, 'Larger and crispier \"Gold\" variant'),
(286, 114, 'Rich cocoa cookies with smooth vanilla cream'),
(287, 114, 'Perfect for twisting, licking, and dunking'),
(288, 115, 'Loaded with crunchy cashew nuts'),
(289, 115, 'Rich buttery taste with every bite'),
(290, 116, 'Soft, fluffy, and freshly baked'),
(291, 116, 'Ideal for breakfast toast and sandwiches'),
(292, 117, 'Made with 100% whole wheat flour'),
(293, 117, 'High fiber for better digestion'),
(294, 118, 'Crispy and crunchy premium suji rusk'),
(295, 118, 'Infused with a hint of cardamom flavor'),
(296, 119, 'Crunchy cookie with a molten choco center'),
(297, 119, 'Indulgent premium chocolate experience'),
(298, 120, 'Rich cookies with real fruit bits and nuts'),
(299, 120, 'Baked with premium ingredients'),
(300, 121, 'Light and crispy tea-time favorite'),
(301, 121, 'Zero trans-fat and zero cholesterol'),
(302, 122, 'World’s best molded chocolate chip cookies'),
(303, 122, 'Contains real chocolate chips'),
(304, 123, 'Extra soft and spongy texture'),
(305, 123, 'Ideal for Pav Bhaji, Vada Pav, or sliders'),
(306, 124, 'Topped with premium sesame seeds'),
(307, 124, 'Sized perfectly for standard patties'),
(308, 125, 'Eggless and soft sponge cake'),
(309, 125, 'Studded with colorful candied fruit bits'),
(310, 126, 'Unique heart-shaped poppable biscuits'),
(311, 126, 'Glazed with sugar for a sweet-salty crunch'),
(312, 127, 'Rich buttery cookies with cashew and almond'),
(313, 127, 'Aromatic and melt-in-mouth texture'),
(314, 128, 'Infused with roasted garlic and herbs'),
(315, 128, 'Double-baked for extra crispness'),
(316, 129, 'Moist and soft cocoa-rich muffins'),
(317, 129, 'Generously filled with choco chips'),
(318, 130, 'Smooth chocolate cream between cocoa biscuits'),
(319, 130, 'Sprinkled with sparkling sugar crystals'),
(320, 131, 'Topped with oats, seeds, and grains'),
(321, 131, 'Low glycemic index and high protein'),
(322, 132, 'Soft sponge cake rolled with chocolate cream'),
(323, 132, 'Perfect on-the-go snack for kids'),
(324, 133, 'Made from 100% MP Sharbati wheat grains'),
(325, 133, 'High dietary fiber for soft rotis'),
(326, 134, 'Stone-ground for traditional taste'),
(327, 134, 'Superior dough elasticity and freshness'),
(328, 135, 'Aged to perfection for a fine aroma'),
(329, 135, 'Pearlescent white extra-long grains'),
(330, 136, 'Ideal for everyday meals and pulao'),
(331, 136, 'Consistent grain length and texture'),
(332, 137, 'Unpolished grains to retain natural nutrition'),
(333, 137, 'Laser-sorted for uniform quality'),
(334, 138, 'Protein-rich and easy to digest'),
(335, 138, 'Strict quality checks for impurities'),
(336, 139, 'Grown without chemical pesticides'),
(337, 139, 'Traditional nutty flavor and texture'),
(338, 140, 'Non-sticky grains after cooking'),
(339, 140, 'Double polished for premium look'),
(340, 141, 'Soft texture when cooked'),
(341, 141, 'High protein and mineral content'),
(342, 142, 'Large uniform size for Chole dishes'),
(343, 142, 'Excellent absorption of spices'),
(344, 143, 'Blend of wheat, soy, oats, and maize'),
(345, 143, 'Enhanced nutrition and lower GI'),
(346, 144, 'Retains natural skin for extra fiber'),
(347, 144, 'Quick cooking and rich flavor'),
(348, 145, 'Naturally processed unpolished dal'),
(349, 145, 'High in plant-based proteins'),
(350, 146, 'Aromatic raw rice for daily use'),
(351, 146, 'Lightweight and easy on the stomach'),
(352, 147, 'Short grain rice with high nutritional value'),
(353, 147, 'Sweet taste and silky texture'),
(354, 148, 'Whole lentils with earthy flavor'),
(355, 148, 'Sourced from the best organic farms'),
(356, 149, 'Made from high-quality rice grains'),
(357, 149, 'Perfect for traditional Batata Poha'),
(358, 150, 'Uniform granules for smooth Halwa'),
(359, 150, 'Triple cleaned and hygienic packing'),
(360, 151, 'Ultra-fine refined wheat flour'),
(361, 151, 'Perfect for baking and flaky pastries'),
(362, 152, 'Ground from 100% pure Chana Dal'),
(363, 152, 'Ideal for pakoras, laddoos, and dhokla'),
(364, 153, 'Expertly blended for high-quality strength'),
(365, 153, 'Deep red color and rich aroma'),
(366, 154, 'Unique blend of big and small tea grains'),
(367, 154, 'The authentic taste of Indian Chai'),
(368, 155, '100% pure instant coffee beans'),
(369, 155, 'Frothy and rich coffee experience'),
(370, 156, 'Made from fine Robusta and Arabica beans'),
(371, 156, 'Slow-roasted for a smooth taste'),
(372, 157, 'Strong CTC tea for long-lasting flavor'),
(373, 157, 'Consistent quality from trusted tea gardens'),
(374, 158, 'Exquisite aroma and superior leaf quality'),
(375, 158, 'The gold standard of premium tea'),
(376, 159, 'Enriched with Vitamin D and Iron'),
(377, 159, 'Supports physical and mental growth'),
(378, 160, 'Clinically proven to make kids taller and stronger'),
(379, 160, 'Nutrients for improved bone health'),
(380, 161, 'Contains 34 vital nutrients for growth'),
(381, 161, '100% milk protein for body building'),
(382, 162, 'Provides 3x more stamina for active play'),
(383, 162, 'Rich in Iron, Vitamin C, and Calcium'),
(384, 163, 'Easy-to-mix chocolate milk flavor'),
(385, 163, 'Turns milk into a delicious treat'),
(386, 164, 'Zero calorie drink when taken without sugar'),
(387, 164, 'Infused with honey and lemon extracts'),
(388, 165, 'Strong and full-bodied tea flavor'),
(389, 165, 'Traditional CTC blend for milk tea'),
(390, 166, 'Premium luxury coffee with intense flavor'),
(391, 166, 'Finely ground for the ultimate coffee connoisseur'),
(392, 167, 'Rich in antioxidants and Vitamin C'),
(393, 167, 'Smooth taste with immune support benefits'),
(394, 168, 'Contains whey protein for muscle health'),
(395, 168, 'Boosted with DHA for brain development'),
(396, 169, 'Extra strong coffee and chicory mix'),
(397, 169, 'Authentic South Indian filter coffee feel'),
(398, 170, 'Balanced nutrition for growth and immunity'),
(399, 170, 'Contains 37 vital nutrients for fussy eaters'),
(400, 171, 'Stress-relieving herbal tea blend'),
(401, 171, 'Caffeine-free and purely organic'),
(402, 172, 'Malt-based chocolate drink with Activ-Go'),
(403, 172, 'Ideal for breakfast energy for school-goers'),
(404, 234, 'Premium size, handpicked for quality'),
(405, 234, 'Rich in Vitamin E and healthy fats'),
(406, 235, 'Premium W320 grade large whole nuts'),
(407, 235, 'Sweet, buttery flavor and crunchy texture'),
(408, 236, 'Excellent source of Omega-3 fatty acids'),
(409, 236, 'Vacuum packed to retain freshness and crunch'),
(410, 237, 'Naturally dried seedless green grapes'),
(411, 237, 'Sweet and chewy, great for snacking'),
(412, 238, 'Perfectly salted and roasted in shell'),
(413, 238, 'High in protein and heart-healthy fats'),
(414, 239, 'Authentic Ladakh-sourced soft apricots'),
(415, 239, 'Rich in Vitamin A and potassium'),
(416, 240, 'Authentic soft and silky Iranian dates'),
(417, 240, 'Naturally sweet with a melt-in-mouth feel'),
(418, 241, 'Premium soft Anjeer, high in dietary fiber'),
(419, 241, 'Good source of calcium and iron'),
(420, 242, 'Superior quality puffed foxnuts'),
(421, 242, 'Low calorie, gluten-free healthy snack'),
(422, 243, 'Nutritious blend of nuts and dried berries'),
(423, 243, 'Perfect daily energy booster mix'),
(424, 244, 'Tangy superfruit rich in antioxidants'),
(425, 244, 'Great for salads, baking, or cereal'),
(426, 245, 'Highest natural source of Selenium'),
(427, 245, 'Large, crunchy, and nutrient-dense'),
(428, 246, 'Premium dark dates with firm texture'),
(429, 246, 'Rich source of instant energy'),
(430, 247, 'Seedless black raisins with natural sweetness'),
(431, 247, 'Helps in blood purification and digestion'),
(432, 248, 'Lightly roasted for a nutty crunch'),
(433, 248, 'Rich in Magnesium, Zinc, and healthy oils'),
(434, 249, 'The iconic \"Masala\" flavor loved by all'),
(435, 249, 'Quick and easy to cook in just 2 minutes'),
(436, 250, 'Unique round block for long, non-sticky noodles'),
(437, 250, 'Infused with real vegetables and spices'),
(438, 251, 'Restaurant-style consistency and taste'),
(439, 251, 'Made with 100% real vegetables'),
(440, 252, 'Extra spicy Schezwan flavor profile'),
(441, 252, 'Perfect for a quick street-style meal'),
(442, 253, 'Pre-roasted for a non-sticky texture'),
(443, 253, 'Versatile for both sweet kheer and savory upma'),
(444, 254, 'Just add hot water for an instant breakfast'),
(445, 254, 'Garnished with peanuts and curry leaves'),
(446, 255, 'Developed with recipes from Sanjeev Kapoor'),
(447, 255, 'Balanced mix of rice, moong dal, and spices'),
(448, 256, 'On-the-go snack with a foldable fork inside'),
(449, 256, 'Spicy vegetable broth with chunky toppings'),
(450, 257, 'Smooth and flat noodle texture'),
(451, 257, 'Rich and thick curry-based seasoning'),
(452, 258, 'Slow-cooked lentils in a creamy gravy'),
(453, 258, 'No preservatives or artificial colors'),
(454, 259, 'Made from 100% Suji (Semolina)'),
(455, 259, 'Creamy \"Cheesy Tomato Twist\" sauce'),
(456, 260, 'Makes soft and fluffy idlis in minutes'),
(457, 260, 'Traditional South Indian fermented batter taste'),
(458, 261, 'Pops instantly in a microwave-safe bag'),
(459, 261, 'Classic butter and pepper seasoning'),
(460, 262, 'Made from 100% real juicy red tomatoes'),
(461, 262, 'The perfect thick consistency for snacks'),
(462, 263, 'Unique punch of chillies and tomatoes'),
(463, 263, 'Great as a dip for samosas and pakoras'),
(464, 264, '100% Vegetarian and eggless recipe'),
(465, 264, 'Neutral creamy base for coleslaw and burgers'),
(466, 265, 'A delicious blend of 8 real fruit pulps'),
(467, 265, 'Easy to spread on bread and rotis'),
(468, 266, 'Genuine chocolate flavor in a smooth liquid'),
(469, 266, 'Perfect for milkshakes, ice cream, and pancakes'),
(470, 267, 'Iconic taste of roasted hazelnuts and cocoa'),
(471, 267, 'No artificial colors or preservatives'),
(472, 268, 'High in protein and dietary fiber'),
(473, 268, 'Smooth creamy texture for a quick energy boost'),
(474, 269, 'Versatile: use as a dip, spread, or for cooking'),
(475, 269, 'Authentic Desi-Chinese spicy flavor'),
(476, 270, 'Loaded with crunchy bits of real vegetables'),
(477, 270, 'Ready-to-use spread for instant sandwiches'),
(478, 271, 'Rich garlic-infused flavor profile'),
(479, 271, 'Made with low-fat premium ingredients'),
(480, 272, 'Rich milk chocolate taste from Amul'),
(481, 272, 'Smooth consistency for bread and biscuits'),
(482, 273, 'Prepared with fresh strawberries from Mahabaleshwar'),
(483, 273, 'Contains real fruit chunks and natural pectin'),
(484, 274, 'Zesty and spicy African Bird’s Eye Chili'),
(485, 274, 'Perfect marinade for grilled veggies and meats'),
(486, 275, 'Extra crunchy texture with roasted peanuts'),
(487, 275, '0% Trans fat and no hydrogenated oils'),
(488, 276, '100% pure honey sourced from Himalayas'),
(489, 276, 'Natural immunity booster and sugar substitute'),
(490, 277, 'Made with 100% real milk'),
(491, 277, 'Creamy texture, ideal for sundaes and shakes'),
(492, 278, 'Crunchy wafer cone with chocolate tip'),
(493, 278, 'Topped with premium chocolate disc and nuts'),
(494, 279, 'Loaded with real cashews, almonds, and pistachios'),
(495, 279, 'Authentic Indian traditional flavor profile'),
(496, 280, 'Thick chocolate shell with creamy vanilla inside'),
(497, 280, 'Pocket-friendly classic frozen treat'),
(498, 281, 'Cracking Belgian chocolate coating'),
(499, 281, 'Expertly crafted with premium ingredients'),
(500, 282, 'Butterscotch crunchies in every bite'),
(501, 282, 'Rich caramel ribbon throughout the cone'),
(502, 283, 'Ultra-premium dark chocolate cake pieces'),
(503, 283, 'Intense chocolate fudge swirls'),
(504, 284, 'Traditional 3-layer ice cream cake slice'),
(505, 284, 'Garnished with roasted nuts and cake sponge'),
(506, 285, 'Double layered chocolate and caramel bar'),
(507, 285, 'Rich, chewy caramel center'),
(508, 286, 'Refreshing outer layer made of real mango pulp'),
(509, 286, 'Creamy milk-based core'),
(510, 287, 'Provides 99.9% protection against illness-causing germs'),
(511, 287, 'Recommended by the Indian Medical Association'),
(512, 288, 'Contains 1/4 moisturizing cream for soft skin'),
(513, 288, 'pH balanced and mild on sensitive skin'),
(514, 289, 'Enriched with 98% pure glycerin'),
(515, 289, 'Gently cleanses while keeping skin hydrated'),
(516, 290, 'Formulated with refreshing sea minerals'),
(517, 290, 'Provides 24h fresh skin feeling'),
(518, 291, 'pH balanced formula for soft hands'),
(519, 291, 'Economical 750ml value pack for refills'),
(520, 292, 'Infused with skin conditioners and fruit extracts'),
(521, 292, 'Long-lasting exotic fragrance'),
(522, 293, 'Powered by Activ Silver Formula'),
(523, 293, 'Fast-acting formula that cleanses in 10 seconds'),
(524, 294, '100% pure coconut oil made from sun-dried coconuts'),
(525, 294, 'Long-lasting freshness and nutty aroma'),
(526, 295, 'Up to 100% dandruff protection'),
(527, 295, 'Smooth and silky finish for frizzy hair'),
(528, 296, 'Formulated with Nutrilock actives'),
(529, 296, 'Reduces hair fall by up to 98%'),
(530, 297, 'Pro-V formula strengthens hair from the core'),
(531, 297, 'Provides advanced hair fall control'),
(532, 298, 'Contains Power of 11 herbs and essential oils'),
(533, 298, 'Self-Applicator \"Comb\" for easy scalp penetration'),
(534, 299, 'Fights 5 signs of hair damage: fall, dryness, roughness, dullness, and split ends'),
(535, 299, 'Ceramide-infused technology for hair restoration'),
(536, 300, 'Enriched with 6x Vitamin E for hair nourishment'),
(537, 300, 'Non-sticky formula for easy daily styling'),
(538, 301, 'Infused with Keratin and Argan Oil'),
(539, 301, 'Provides up to 72 hours of frizz control'),
(540, 302, 'Clinically proven to prevent acne and pimples'),
(541, 302, 'Soap-free formula with Neem and Turmeric'),
(542, 306, 'Helioplex technology for superior UVA/UVB protection'),
(543, 306, 'Ultra-light, non-greasy finish'),
(544, 310, '24-hour long stay smudge-proof formula'),
(545, 310, 'Waterproof and dermatologically tested'),
(546, 316, 'Refines pores and leaves a natural finish'),
(547, 316, 'Available in shades for every Indian skin tone'),
(548, 318, 'Superior tough stain removal in one wash'),
(549, 318, 'Specifically designed for front load machines'),
(550, 320, 'Kills 99.9% of germs and bacteria'),
(551, 320, 'Leaves a pleasant long-lasting citrus fragrance'),
(552, 327, 'Super extra bass with 10mm drivers'),
(553, 327, 'Tangle-free cable with integrated mic'),
(554, 330, 'Dual USB output with 18W fast charging'),
(555, 330, 'Advanced 12-layer circuit protection'),
(556, 333, 'Premium stainless steel body with iconic clip'),
(557, 333, 'Smooth rollerball technology for effortless writing'),
(558, 336, 'Large 12-digit display with solar & battery power'),
(559, 336, 'Check and correct function for accounting'),
(560, 339, 'Includes customizable \"Wild Cards\" for strategy'),
(561, 339, 'Classic family game for 2 to 10 players'),
(562, 343, 'Made of 54 genuine hardwood blocks'),
(563, 343, 'Improves hand-eye coordination and patience'),
(564, 346, 'Certified carbon-neutral incense sticks'),
(565, 346, 'Pack includes Woody, Floral, and Musky scents'),
(566, 347, '100% pure bhimseni camphor without wax'),
(567, 347, 'Ideal for Aarti and meditation environments'),
(568, 353, 'Fast Release technology for rapid action'),
(569, 353, 'Gentle on the stomach when taken as directed'),
(570, 358, 'Deep penetrating formula for muscle pain'),
(571, 358, 'Non-greasy spray with instant cooling effect'),
(572, 360, 'Contains 20% crude protein for muscle growth'),
(573, 360, 'Added Zinc and Omega-6 for a shiny coat'),
(574, 361, 'High Vitamin A and Taurine for healthy eyesight'),
(575, 361, 'Crunchy kibbles help prevent tartar build-up'),
(576, 369, 'Includes 33 different colors of bricks'),
(577, 369, 'Encourages open-ended creativity and motor skills'),
(578, 368, 'Articulated limbs for realistic posing'),
(579, 368, 'Comes with removable fashion accessories'),
(580, 374, 'High-quality steel shaft for durability'),
(581, 374, 'Isometric head shape for an enlarged sweet spot'),
(582, 376, 'Eco-friendly TPE material with anti-skid grip'),
(583, 376, 'Moisture-resistant and easy-to-clean surface'),
(584, 381, 'Pre-shrunk bio-washed cotton fabric'),
(585, 381, 'Breathable material suitable for all seasons'),
(586, 383, 'Genuine leather with a rust-proof metal buckle'),
(587, 383, 'Adjustable size with five reinforced holes'),
(588, 388, 'Ergonomic shape to support infants and toddlers'),
(589, 388, 'Built-in drain plug for easy water removal'),
(590, 389, 'BPA-free and safe for baby to play with'),
(591, 389, 'Color-coded indicators for ideal bath temperature'),
(592, 390, 'Ultra-soft hypoallergenic plush fabric'),
(593, 390, 'No small parts; safe for newborns'),
(594, 391, 'Three-point safety harness for secure bouncing'),
(595, 391, 'Removable machine-washable fabric seat pad'),
(596, 392, 'Made from 100% food-grade silicone'),
(597, 392, 'Textured surfaces to soothe sore gums'),
(598, 393, 'Develops hand-eye coordination and size sorting'),
(599, 393, 'Bright rainbow colors for visual stimulation'),
(600, 394, 'Padded mat for comfortable tummy time play'),
(601, 394, 'Detachable piano and hanging sensory toys'),
(602, 395, 'Stackable design to encourage motor skills'),
(603, 395, 'Mold-resistant plastic for hygienic play');

-- --------------------------------------------------------

--
-- Table structure for table `product_ratings`
--

CREATE TABLE `product_ratings` (
  `id` int(11) NOT NULL,
  `product_id` int(11) DEFAULT NULL,
  `user_id` int(11) DEFAULT NULL,
  `rating` int(11) DEFAULT NULL,
  `created_at` timestamp NOT NULL DEFAULT current_timestamp()
) ENGINE=InnoDB DEFAULT CHARSET=utf8mb4 COLLATE=utf8mb4_general_ci;

-- --------------------------------------------------------

--
-- Table structure for table `product_reviews`
--

CREATE TABLE `product_reviews` (
  `id` int(11) NOT NULL,
  `product_id` int(11) NOT NULL,
  `name` varchar(100) DEFAULT NULL,
  `rating` int(11) DEFAULT NULL,
  `comment` text DEFAULT NULL
) ENGINE=InnoDB DEFAULT CHARSET=utf8mb4 COLLATE=utf8mb4_general_ci;

--
-- Dumping data for table `product_reviews`
--

INSERT INTO `product_reviews` (`id`, `product_id`, `name`, `rating`, `comment`) VALUES
(1, 1, 'Amit S.', 5, 'Very crunchy and sweet. Best Washington apples I have had.'),
(2, 2, 'Rahul V.', 4, 'Good quality, but one or two were slightly overripe.'),
(3, 3, 'Sneha P.', 5, 'Perfect for my morning juice, very sweet and juicy.'),
(4, 4, 'Vikram D.', 4, 'Fresh and seedless. Delivery was on time.'),
(5, 5, 'Sita R.', 5, 'The king of fruits! The aroma is amazing.'),
(6, 6, 'Jason W.', 4, 'Tangy and fresh, but hard to peel. Wish it was pre-cut!'),
(7, 7, 'Meera B.', 5, 'Bright red and sweet. Excellent with cream.'),
(8, 8, 'Karan J.', 5, 'Very hydrating for the summer. Big size.'),
(9, 9, 'Sunita G.', 4, 'Good for digestion, arrived semi-ripe as described.'),
(10, 10, 'Aditya L.', 5, 'High quality imported kiwis. Very nutritious.'),
(11, 11, 'Pooja J.', 5, 'Beautiful ruby red seeds, very sweet.'),
(12, 12, 'Harish D.', 4, 'Fresh and firm, just the way I like it.'),
(13, 13, 'Ayesha S.', 5, 'Premium quality, very sweet and fresh.'),
(14, 14, 'Zoya A.', 5, 'Great for my smoothies, very fresh.'),
(15, 15, 'Ritu P.', 4, 'Sweet and soft, good for the kids.'),
(16, 16, 'Varun C.', 5, 'Juicy and aromatic, excellent quality.'),
(17, 17, 'Dinesh L.', 3, 'A bit too tart for my liking, but fresh.'),
(18, 18, 'Tanya M.', 5, 'Looks exotic and tastes very clean. Great fiber.'),
(19, 19, 'Sandeep R.', 5, 'Very creamy and sweet Sitaphal.'),
(20, 20, 'Anjali S.', 4, 'Sweet and refreshing summer snack.'),
(21, 21, 'Rajesh M.', 5, 'Good size and very few eyes. Perfect for fries.'),
(22, 22, 'Suman V.', 4, 'Crisp and dry, though a bit smaller than last time.'),
(23, 23, 'Anjali S.', 5, 'Actually vine-ripened! Not those hard, tasteless ones.'),
(24, 24, 'Vikram K.', 5, 'Sweet and crunchy. Great for my morning juice.'),
(25, 25, 'Sneha P.', 4, 'Very fresh green florets. Minimal stem waste.'),
(26, 26, 'Priya R.', 5, 'Extremely fresh Palak. Made the best saag.'),
(27, 27, 'Amit H.', 4, 'Clean and white. No worms found inside.'),
(28, 28, 'Rahul G.', 5, 'Tight head and very fresh leaves.'),
(29, 29, 'Meera B.', 5, 'Shiny and firm capsicum. Added a great crunch to my pizza.'),
(30, 30, 'Karan J.', 4, 'Very hydrating. Perfect for the summer heat.'),
(31, 31, 'Sunita G.', 5, 'Strong aroma, clearly organic and fresh.'),
(32, 32, 'David W.', 5, 'Big bulbs, very easy to peel.'),
(33, 33, 'Harish D.', 4, 'Properly spicy! Just what I needed.'),
(34, 34, 'Ayesha S.', 5, 'Tender and small Bhindi. Not woody at all.'),
(35, 35, 'Zoya A.', 5, 'Perfect for Bharta. Skin was smooth and shiny.'),
(36, 36, 'Ritu P.', 4, 'Easy to digest and very fresh Lauki.'),
(37, 37, 'Varun C.', 5, 'Organic quality shows. Very healthy.'),
(38, 38, 'Dinesh L.', 3, 'Fresh, but the leaves were a bit wilted.'),
(39, 39, 'Tanya M.', 5, 'Rich orange color and very sweet.'),
(40, 40, 'Sandeep R.', 5, 'Packaged well. Mushrooms were white and firm.'),
(41, 41, 'Arjun M.', 5, 'Perfectly salted and very crispy. Best snack for movie nights.'),
(42, 42, 'Ishani V.', 4, 'Love the roasted almonds, but the chocolate was slightly melted.'),
(43, 43, 'Rajiv S.', 5, 'Premium quality cashews. Perfectly roasted and salted.'),
(44, 44, 'Suresh K.', 4, 'Very spicy and crunchy. Goes well with drinks.'),
(45, 45, 'Priya D.', 5, 'My kids love these! They are so light and cheesy.'),
(46, 46, 'Vikram J.', 3, 'A bit too salty for my taste, but very crunchy.'),
(47, 47, 'Anjali R.', 5, 'Best choco-chip cookies! They taste almost homemade.'),
(48, 48, 'Meera B.', 4, 'A nice traditional mix. Very fresh.'),
(49, 49, 'Karan P.', 5, 'Just like the theater popcorn. Great buttery flavor.'),
(50, 50, 'Sneha W.', 4, 'Nice and crunchy. A great low-fat snack option.'),
(51, 51, 'Aditya N.', 5, 'High quality dried fruits. Very healthy and filling.'),
(52, 52, 'Zoya Q.', 4, 'Light and crispy. The seasoning is just right.'),
(53, 53, 'Sandeep T.', 3, 'Cream filling is good but the wafer was slightly soggy.'),
(54, 54, 'Ritu H.', 5, 'Perfect energy boost for my morning workouts.'),
(55, 55, 'Harish M.', 4, 'Classic bhel taste. Very light and easy to digest.'),
(56, 56, 'Rahul S.', 5, 'Classic taste, best served chilled. Fast delivery!'),
(57, 57, 'Aniket M.', 4, 'Refreshing drink, perfect for parties.'),
(58, 58, 'Sneha P.', 5, 'Actually tastes like real oranges, not too sugary.'),
(59, 59, 'Vikram Singh', 4, 'Good quality juice, my kids love it.'),
(60, 60, 'Priya J.', 5, 'Standard purified water, packaging was intact.'),
(61, 61, 'Deepak K.', 5, 'Very soothing and high quality tea bags.'),
(62, 62, 'Suman G.', 5, 'Rich aroma, definitely a morning essential.'),
(63, 63, 'Aryan V.', 3, 'Gives a good boost but a bit too expensive for one can.'),
(64, 64, 'Meera Jain', 4, 'Nice tangy flavor, great for summer.'),
(65, 65, 'Harish B.', 5, 'Tastes very fresh, almost like natural tender coconut.'),
(66, 66, 'Zoya A.', 4, 'The peach flavor is great, though I wish it was less sweet.'),
(67, 67, 'Rohan K.', 5, 'Thick, creamy, and filling. Excellent quality.'),
(68, 68, 'Sameer D.', 5, 'Very bubbly and crisp, perfect for mixing.'),
(69, 69, 'Anita L.', 4, 'Good for my Bloody Mary mix, quite savory.'),
(70, 70, 'Kevin H.', 5, 'Love the spicy ginger kick, very refreshing.'),
(71, 71, 'Pooja Hegde', 4, 'Sweet and dark, high quality grape flavor.'),
(72, 72, 'Ishaan Q.', 5, 'Super creamy and chocolaty. A hit with the kids!'),
(73, 73, 'Rahul V.', 5, 'Very fresh and thick. Makes excellent tea and coffee.'),
(74, 74, 'Anita S.', 4, 'Great for my diet, tastes clean, but the tetra pack was slightly dented.'),
(75, 75, 'Vikram K.', 5, 'Classic creamy taste. Spreads perfectly on warm toast.'),
(76, 76, 'Sneha P.', 5, 'Perfect for my baking needs. High quality and pure.'),
(77, 77, 'Rajesh M.', 4, 'Nice sharp flavor, aged well. Good for sandwiches.'),
(78, 78, 'Priya D.', 5, 'Great stretch and melt-ability. Perfect for homemade pizza.'),
(79, 79, 'Sunita G.', 5, 'Very soft and fresh. Didn\'t become rubbery after cooking.'),
(80, 80, 'Amit H.', 4, 'Nice and thick curd, not too sour.'),
(81, 81, 'Meera B.', 5, 'Thick and creamy. A great protein-rich snack.'),
(82, 82, 'Karan J.', 5, 'Added a wonderful richness to my butter chicken gravy.'),
(83, 83, 'Suman V.', 5, 'Essential for my kheer and desserts. Very sweet and thick.'),
(84, 84, 'Harish B.', 4, 'Very refreshing, though I wish it had a bit more ginger.'),
(85, 85, 'Ishani Q.', 5, 'Held its peaks perfectly on my cake. Very light.'),
(86, 86, 'David W.', 4, 'Perfect tanginess for my Mexican tacos.'),
(87, 87, 'Zoya A.', 5, 'Authentic salty taste. Great for pasta garnishing.'),
(88, 88, 'Aditya N.', 3, 'A good alternative, but the taste takes some getting used to.'),
(89, 89, 'Ritu H.', 4, 'Good vegan butter substitute, spreads easily.'),
(90, 90, 'Sandeep T.', 5, 'Kids love the chocolate flavor. Great for lunchboxes.'),
(91, 91, 'Tanya M.', 4, 'Convenient for quick breakfast sandwiches.'),
(92, 92, 'Suresh R.', 5, 'Classic Amul taste. The grainy texture is perfect for parathas.'),
(93, 93, 'Meena P.', 5, 'Very aromatic ghee. Smells like homemade desi ghee.'),
(94, 94, 'Aniket D.', 4, 'Strong pungent smell, great for authentic fish curry.'),
(95, 95, 'Priya S.', 5, 'My go-to oil for healthy cooking. Not too heavy or greasy.'),
(96, 96, 'Rahul K.', 4, 'Good for deep frying. The pouch was sealed well.'),
(97, 97, 'Dr. Sameer', 5, 'Excellent for light sautéing and Italian dishes. Trusted brand.'),
(98, 98, 'Laxmi V.', 5, 'Rich golden color. You can tell it has high curcumin content.'),
(99, 99, 'Chef Vicky', 5, 'Perfect for getting that bright red color in gravies without too much heat.'),
(100, 100, 'Sunita G.', 4, 'Very strong aroma. Use sparingly for the best flavor.'),
(101, 101, 'Anita L.', 4, 'Freshly ground smell. Much better than local loose powders.'),
(102, 102, 'Vikram M.', 5, 'It is salt. Pure, clean, and essential. Standard quality.'),
(103, 103, 'Zoya A.', 5, 'Magic indeed! Makes even simple boiled veggies taste great.'),
(104, 104, 'Harish B.', 4, 'Good quality cow ghee, but the lid was a bit hard to open.'),
(105, 105, 'Rohan K.', 5, 'The best blend for Sunday chicken curry. Very authentic.'),
(106, 106, 'Sneha W.', 5, 'The only spice you need if you are a beginner cook. Multipurpose.'),
(107, 107, 'Karan J.', 4, 'Adds a nice nutty flavor to snacks. Good for Indian frying.'),
(108, 108, 'Nisha E.', 5, 'Very strong Hing. Only a pinch is enough for tempering.'),
(109, 109, 'Aryan V.', 5, 'Perfectly tangy. I use it on fruit salads daily.'),
(110, 110, 'Geeta H.', 4, 'Decent aroma and taste. Good value for money.'),
(111, 111, 'Ishita F.', 5, 'Great for salad dressings. Real extra virgin quality.'),
(112, 112, 'Anjali M.', 5, 'My kids favorite biscuits. Very creamy and fresh.'),
(113, 113, 'Ramesh K.', 5, 'The classic taste but with a better crunch. Perfect with tea.'),
(114, 114, 'Sneha V.', 4, 'Great for milkshakes, but a few biscuits were broken in the pack.'),
(115, 115, 'Priya S.', 5, 'Love the cashew bits. Very rich and buttery.'),
(116, 116, 'Rahul D.', 4, 'Soft and fresh, but has a short shelf life. Eat quickly!'),
(117, 117, 'Vikram J.', 5, 'Good texture and definitely feels healthier than white bread.'),
(118, 118, 'Suman G.', 4, 'Very crispy suji rusk. Perfect tea-time companion.'),
(119, 119, 'Zoya A.', 5, 'The molten chocolate inside is pure heaven. Best premium cookie.'),
(120, 120, 'Meera B.', 5, 'Loaded with nuts. Very satisfying crunch.'),
(121, 121, 'Sunita G.', 4, 'Light and healthy. Not too sweet, just how I like it.'),
(122, 122, 'Karan J.', 5, 'The best chocolate chip cookies in India, hands down.'),
(123, 123, 'Anita L.', 5, 'Used these for Pav Bhaji, they were very soft and fresh.'),
(124, 124, 'Rohit B.', 4, 'Good size and sesame seeds add a nice touch.'),
(125, 125, 'Sneha W.', 4, 'Spongy and full of fruits. Good for a quick snack.'),
(126, 126, 'Aryan V.', 5, 'The sweet and salty combo is addictive!'),
(127, 127, 'Ishita F.', 5, 'Tastes like homemade cookies. Very nutty.'),
(128, 128, 'Kevin H.', 3, 'Flavor is good but they were a bit too hard/tough.'),
(129, 129, 'Pooja H.', 5, 'Very moist and the chocolate chips are plenty.'),
(130, 130, 'Sameer D.', 5, 'Classic chocolate cream. The sugar crystals on top are the best part.'),
(131, 131, 'Varun C.', 5, 'Excellent for sandwiches. Very filling and high in fiber.'),
(132, 132, 'Tanya M.', 4, 'Sweet and creamy. Great treat for kids lunchboxes.'),
(133, 133, 'Nitin P.', 5, 'Rotis stay soft even after several hours. Best quality flour.'),
(134, 134, 'Suman L.', 4, 'Good value for a 10kg pack. The flour is clean and finely ground.'),
(135, 135, 'Priya M.', 5, 'Long grains and beautiful aroma. Perfect for special occasions.'),
(136, 136, 'Anil K.', 4, 'Great for daily use. Not as long as premium basmati but tastes good.'),
(137, 137, 'Meena R.', 5, 'Unpolished and cooks very well. You can taste the difference.'),
(138, 138, 'Rahul S.', 5, 'Very clean, no stones or dust. Highly recommended.'),
(139, 139, 'Sneha W.', 4, 'Good quality dal, tastes authentic and pure.'),
(140, 140, 'Vikram D.', 5, 'Exceptional length. My biryani turned out like restaurant style.'),
(141, 141, 'Karan J.', 5, 'Cooks fast and has a great buttery texture.'),
(142, 142, 'Sunita G.', 4, 'Nice big size. Great for making Chole.'),
(143, 143, 'Aditya N.', 5, 'Heavier than normal atta but very healthy and filling.'),
(144, 144, 'Harish M.', 4, 'Fresh stock. Great for making dal makhani or tadka.'),
(145, 145, 'Anita L.', 5, 'Beautiful orange color and cooks very quickly.'),
(146, 146, 'Rajesh V.', 4, 'Light and easy on the stomach. Good for south Indian meals.'),
(147, 147, 'Meera B.', 5, 'Small grains but very tasty. Best for daily curd rice.'),
(148, 148, 'Sandeep T.', 4, 'Rich in fiber. Good quality whole lentils.'),
(149, 149, 'Ishani Q.', 5, 'Doesn\'t get mushy when washed. Perfect for Indori Poha.'),
(150, 150, 'Ritu H.', 4, 'Fine quality. Made perfect upma with this.'),
(151, 151, 'Zoya A.', 5, 'Very fine and white. Perfect for my baking projects.'),
(152, 152, 'David W.', 5, 'Pure Chana dal taste. Made very crispy pakoras.'),
(153, 153, 'Nitin S.', 5, 'Great strong color and flavor. Perfect for my morning masala chai.'),
(154, 154, 'Anjali P.', 4, 'Very consistent quality. Good balance of strength and aroma.'),
(155, 155, 'Rahul M.', 5, 'The ultimate instant coffee. Dissolves perfectly and gives a great kick.'),
(156, 156, 'Sneha K.', 5, 'Much smoother than regular Bru. Smells like café coffee.'),
(157, 157, 'Vikram R.', 5, 'Best CTC tea for people who like their chai very strong.'),
(158, 158, 'Meera V.', 5, 'Expensive but worth it. The leaf quality is superior and very aromatic.'),
(159, 159, 'Suman G.', 5, 'My kids favorite! They love the chocolatey taste with hot milk.'),
(160, 160, 'Dr. Rajesh', 4, 'A trusted classic. Good for bone health and very filling.'),
(161, 161, 'Priya D.', 5, 'Excellent for growing kids. The chocolate flavor is quite rich.'),
(162, 162, 'Karan J.', 4, 'Great for stamina before sports practice. Nice malty crunch.'),
(163, 163, 'Zoya A.', 5, 'Tastes just like the imported ones. Very fine powder.'),
(164, 164, 'Anita L.', 4, 'Refreshing and helps with metabolism. The honey lemon flavor is mild.'),
(165, 165, 'Harish B.', 5, 'Excellent value for money. Consistent color and strength.'),
(166, 166, 'Aryan V.', 5, 'Pure luxury in a jar. If you love black coffee, this is the one.'),
(167, 167, 'Ishita F.', 4, 'Good quality tea bags. The Vitamin C boost is a nice touch.'),
(168, 168, 'Sandeep T.', 4, 'Good alternative to more expensive brands. Nice whey protein content.'),
(169, 169, 'Varun C.', 3, 'A bit too much chicory for my taste, but very affordable.'),
(170, 170, 'Sneha W.', 5, 'Has really helped my picky eater get the nutrition he needs.'),
(171, 171, 'Tanya M.', 5, 'Very calming and healthy. Great for stress relief.'),
(172, 172, 'Rohit B.', 5, 'The classic malt taste. Reminds me of childhood.'),
(173, 234, 'Nitin P.', 5, 'Very crisp and large badam. No bitter pieces so far.'),
(174, 235, 'Suman L.', 4, 'Large size kaju, though a couple were broken during shipping.'),
(175, 236, 'Priya M.', 5, 'Fresh and crunchy. Not bitter at all, which is rare for walnuts.'),
(176, 237, 'Anil K.', 4, 'Very sweet and soft. Great for adding to my morning oats.'),
(177, 238, 'Meena R.', 5, 'Perfectly salted and almost all shells were open. Easy to eat.'),
(178, 239, 'Rahul S.', 5, 'Soft and chewy. Tastes very natural, not overly processed.'),
(179, 240, 'Sneha W.', 5, 'Extremely soft and melt-in-the-mouth. The quality is top-notch.'),
(180, 241, 'Vikram D.', 4, 'High fiber and clean. A bit hard, but soaking them makes them perfect.'),
(181, 242, 'Karan J.', 5, 'Very large foxnuts. Perfectly white and crispy after roasting.'),
(182, 243, 'Sunita G.', 5, 'Great variety of nuts and berries. Very convenient for snacking.'),
(183, 244, 'Aditya N.', 4, 'Tangy and delicious. Great for baking or salad toppings.'),
(184, 245, 'Harish M.', 5, 'Very fresh and oily (in a good way). Excellent for nutrition.'),
(185, 246, 'Anita L.', 4, 'Value for money. Good daily eating dates.'),
(186, 247, 'Rajesh V.', 5, 'Rich in iron. Seedless and very clean raisins.'),
(187, 248, 'Meera B.', 5, 'Nicely roasted. A very healthy addition to my diet.'),
(188, 249, 'Rohit K.', 5, 'The ultimate comfort food. Tastes best with some extra chopped veggies.'),
(189, 250, 'Sana S.', 4, 'Really non-sticky as advertised. Good choice for kids who like long noodles.'),
(190, 251, 'Vikram P.', 5, 'Perfect for cold evenings. Just like restaurant soup in 5 minutes.'),
(191, 252, 'Rahul D.', 4, 'Very spicy and flavorful. Great for those who love Schezwan kick.'),
(192, 253, 'Meena R.', 5, 'Saves time as it is already roasted. Made a delicious sweet kheer.'),
(193, 254, 'Anil G.', 3, 'Convenient for office lunch, but the taste is a bit bland compared to fresh.'),
(194, 255, 'Deepak S.', 5, 'Healthy and comforting. Feels like home-cooked food.'),
(195, 256, 'Sameer Z.', 5, 'The built-in fork is so handy for traveling. Good spice level.'),
(196, 257, 'Nisha B.', 4, 'Flat noodles are a nice change. The curry flavor is unique.'),
(197, 258, 'Pankaj V.', 5, 'Surprising quality for a ready meal. Very creamy and rich.'),
(198, 259, 'Ishita M.', 4, 'Cheesy and thick sauce. My kids love this for their evening snack.'),
(199, 260, 'Suresh L.', 5, 'Soft and fluffy idlis every time. The batter mix is perfect.'),
(200, 261, 'Karan H.', 4, 'Pops almost every kernel. The butter pepper seasoning is great.'),
(201, 262, 'Aditi M.', 5, 'The perfect balance of sweet and tangy. Use it with everything!'),
(202, 263, 'Rohan S.', 5, 'Best dipping sauce for samosas. The chili kick is just right.'),
(203, 264, 'Sneha K.', 4, 'Very creamy and thick. Great for making coleslaw sandwiches.'),
(204, 265, 'Rahul V.', 4, 'A childhood favorite. Spreads easily on bread, though a bit sugary.'),
(205, 266, 'Pooja D.', 5, 'Excellent on vanilla ice cream and in cold milk. A kitchen staple.'),
(206, 267, 'Ishaan Q.', 5, 'Addictive! Best on crepes or just with a spoon. Expensive but worth it.'),
(207, 268, 'Vikram J.', 4, 'Very smooth texture. Good protein snack for pre-workout.'),
(208, 269, 'Zoya A.', 5, 'Spicy and versatile. I use it as a dip and for stir-fry noodles.'),
(209, 270, 'Anil G.', 3, 'Taste is okay, but I wish there were more crunchy vegetable bits.'),
(210, 271, 'Meera B.', 5, 'The garlic flavor is strong and delicious. Perfect for burgers.'),
(211, 272, 'Sandeep T.', 4, 'Nice alternative to Nutella. Very milky and rich chocolate taste.'),
(212, 273, 'Harish M.', 5, 'You can actually taste the strawberry chunks. Very fresh.'),
(213, 274, 'Aryan V.', 5, 'Properly spicy! Not for the faint-hearted. Love it on fries.'),
(214, 275, 'Ritu H.', 4, 'Great crunch and high protein. Perfect for healthy breakfast toast.'),
(215, 276, 'Nitin S.', 5, 'Pure and clean taste. Use it daily as a sugar substitute in green tea.'),
(216, 277, 'Rohan V.', 5, 'The perfect base for any sundae. Creamy and very affordable.'),
(217, 278, 'Ishita S.', 4, 'Classic cone. The chocolate at the bottom is the best part!'),
(218, 279, 'Priya M.', 5, 'Excellent traditional flavor. Loaded with dry fruits and saffron aroma.'),
(219, 280, 'Amit K.', 5, 'Great value for money. The chocolate coating is nice and thick.'),
(220, 281, 'Zoya A.', 5, 'Pure luxury! The Belgian chocolate crack is so satisfying.'),
(221, 282, 'Sunil G.', 4, 'Very crunchy nuts and great butterscotch flavor.'),
(222, 283, 'Aryan V.', 5, 'Pricey but the chocolate quality is on another level. So rich.'),
(223, 284, 'Meera B.', 4, 'Brings back memories! Love the mix of sponge cake and ice cream.'),
(224, 285, 'Karan J.', 5, 'The caramel and chocolate combo is perfect. Very filling for a bar.'),
(225, 286, 'Sneha W.', 4, 'Refreshing real mango taste. Perfect for a hot afternoon.'),
(226, 287, 'Ramesh K.', 5, 'The ultimate trust for hygiene. Pack of 3 is great value.'),
(227, 288, 'Sana M.', 5, 'Best soap for dry skin. It really feels like a moisturizer.'),
(228, 289, 'Anita S.', 4, 'Love the transparency and the mild scent. Very gentle on the face too.'),
(229, 290, 'Vikram P.', 5, 'Very refreshing fragrance. A small amount creates a lot of lather.'),
(230, 291, 'Deepak S.', 5, 'Essential for the kitchen and bathroom. Much cheaper to buy the refill pack.'),
(231, 292, 'Ishita R.', 4, 'Smells amazing! The gel texture feels premium compared to regular soap.'),
(232, 293, 'Sunil G.', 4, 'Cleans well and gives a good sense of protection. Standard quality.'),
(233, 294, 'Karan M.', 5, 'The gold standard for hair oil. I use it for deep conditioning overnight.'),
(234, 295, 'Suresh V.', 4, 'Really helps with dandruff, but can leave hair a bit dry. Best used with a conditioner.'),
(235, 296, 'Priya R.', 5, 'Very gentle on the scalp. I noticed less hair breakage after two weeks.'),
(236, 297, 'Sneha K.', 4, 'Makes hair very smooth and easy to detangle. Great scent.'),
(237, 298, 'Rajesh H.', 5, 'The applicator is genius! It really helps the oil reach the roots.'),
(238, 299, 'Meera B.', 5, 'Excellent for split ends. My hair feels much healthier and shinier.'),
(239, 300, 'Amit S.', 4, 'Love that it is non-sticky. I use it as a light serum before going out.'),
(240, 301, 'Zoya A.', 5, 'Gives a salon-like finish at home. My frizz is completely gone.'),
(241, 302, 'Ayesha K.', 5, 'Best for acne-prone skin. It cleared my skin in a week!'),
(242, 306, 'Rohan D.', 5, 'No white cast and non-greasy. Best sunscreen for oily skin.'),
(243, 307, 'Priya S.', 4, 'Very gentle, but doesn\'t remove heavy makeup well.'),
(244, 310, 'Meera V.', 5, 'Truly smudge-proof. Stays on for the whole office day.'),
(245, 316, 'Ishani Q.', 5, 'Perfect match for my skin tone. Great matte finish.'),
(246, 312, 'Zoya A.', 4, 'Cheap and cheerful colors, though it chips in 3 days.'),
(247, 317, 'Sunita G.', 5, 'The only liquid that actually removes oil from plastic containers.'),
(248, 318, 'Rajesh H.', 5, 'Smells amazing and keeps clothes bright. Better than powder.'),
(249, 322, 'Anita L.', 4, 'Refreshing scent, but the spray mechanism is a bit stiff.'),
(250, 327, 'Aryan V.', 4, 'Great bass for the price. The wire is a bit thin though.'),
(251, 330, 'Sandeep T.', 5, 'Supports fast charging and is quite slim. Solid build quality.'),
(252, 326, 'Harish M.', 5, 'Very bright and energy efficient. Great value pack.'),
(253, 333, 'Vikram J.', 5, 'Classic pen. Writes very smoothly and looks premium.'),
(254, 332, 'Sneha W.', 5, 'Paper quality is excellent. No ink blotting at the back.'),
(255, 334, 'Amit S.', 4, 'The classic choice. Perfect for school kids.'),
(256, 339, 'Karan J.', 5, 'Best family game! Cards are high quality and durable.'),
(257, 340, 'David W.', 4, 'Smooth turns. Good for beginners learning speed-cubing.'),
(258, 345, 'Rahul S.', 5, 'Good weight and bounce. Perfect for street cricket.'),
(259, 346, 'Meena R.', 5, 'Very calming fragrance. Lasts longer than other brands.'),
(260, 347, 'Dinesh L.', 5, 'Pure camphor, leaves no residue after burning.'),
(261, 351, 'Pooja H.', 5, 'Beautifully crafted. Adds a traditional touch to my pooja room.'),
(262, 353, 'Rajesh K.', 5, 'Quick relief from headache. A must-have in the home first-aid kit.'),
(263, 358, 'Amit S.', 4, 'Instant relief for back pain, though the smell is quite strong.'),
(264, 359, 'Suman L.', 5, 'Works in seconds as promised. Great for heavy meals.'),
(265, 360, 'Karan M.', 5, 'My Labrador loves it! His coat looks much shinier now.'),
(266, 361, 'Sneha V.', 5, 'The only food my picky cat will eat without fuss.'),
(267, 362, 'Rahul D.', 3, 'My dog chewed through it in a day. Not for heavy chewers.'),
(268, 369, 'Priya R.', 5, 'Keeps my kids busy for hours. Great for creativity.'),
(269, 367, 'Vikram J.', 5, 'Excellent build quality and paint finish. My son loves it.'),
(270, 368, 'Anjali M.', 4, 'Lovely doll, but the accessories are very tiny and easy to lose.'),
(271, 374, 'Sameer D.', 5, 'Very lightweight and great for beginners. Good string tension.'),
(272, 376, 'Ishita F.', 4, 'Good grip and cushioning. Doesn\'t slip on the floor.'),
(273, 375, 'Aryan V.', 5, 'Sturdy ball for turf play. Has a great feel and bounce.'),
(274, 381, 'Harish B.', 4, 'Pure cotton and very soft. Fits perfectly after the first wash.'),
(275, 384, 'Zoya A.', 5, 'Looks stylish and the UV protection is effective for driving.'),
(276, 383, 'Nitin S.', 5, 'Solid quality leather. The buckle feels premium and durable.');

-- --------------------------------------------------------

--
-- Table structure for table `product_specifications`
--

CREATE TABLE `product_specifications` (
  `id` int(11) NOT NULL,
  `product_id` int(11) NOT NULL,
  `spec_key` varchar(100) DEFAULT NULL,
  `spec_value` varchar(255) DEFAULT NULL
) ENGINE=InnoDB DEFAULT CHARSET=utf8mb4 COLLATE=utf8mb4_general_ci;

--
-- Dumping data for table `product_specifications`
--

INSERT INTO `product_specifications` (`id`, `product_id`, `spec_key`, `spec_value`) VALUES
(25, 1, 'Type', 'Washington Premium'),
(26, 2, 'Unit', 'Per Dozen'),
(27, 3, 'Grade', 'A Grade Juicy'),
(28, 4, 'Seed Type', 'Seedless'),
(29, 5, 'Origin', 'Ratnagiri, India'),
(30, 6, 'Weight', 'Approx 800g - 1kg'),
(31, 7, 'Packaging', 'Perforated Punnet'),
(32, 8, 'Variety', 'Kiran Watermelon'),
(33, 9, 'Maturity', 'Semi-Ripe'),
(34, 10, 'Count', '3 Units per pack'),
(35, 11, 'Color', 'Ruby Red'),
(36, 12, 'Pulp', 'White Semi-Soft'),
(37, 13, 'Weight', '200g Box'),
(38, 14, 'Storage', 'Keep Refrigerated'),
(39, 15, 'Texture', 'Soft and Sweet'),
(40, 16, 'Season', 'Summer Harvest'),
(41, 17, 'Taste', 'Tart-Sweet'),
(42, 18, 'Flesh', 'White with Seeds'),
(43, 19, 'Quality', 'Creamy Handpicked'),
(44, 20, 'Aroma', 'Sweet Musk'),
(45, 21, 'Type', 'Fresh Jyoti'),
(46, 22, 'Origin', 'Nasik, Maharashtra'),
(47, 23, 'Grade', 'Local Hybrid'),
(48, 24, 'Variety', 'Orange English'),
(49, 25, 'Storage', 'Keep Refrigerated'),
(50, 26, 'Unit', 'Per Bunch'),
(51, 27, 'Weight', 'Approx 500g-700g'),
(52, 28, 'Size', 'Medium Head'),
(53, 29, 'Type', 'Green Capsicum'),
(54, 30, 'Variety', 'Hybrid Green'),
(55, 31, 'Form', 'Root'),
(56, 32, 'Unit', 'Pack of 3 Bulbs'),
(57, 33, 'Taste', 'Spicy/Hot'),
(58, 34, 'Texture', 'Tender/Fresh'),
(59, 35, 'Shape', 'Large Oval'),
(60, 36, 'Length', 'Approx 10-12 Inches'),
(61, 37, 'Farming', 'Organic/Conventional'),
(62, 38, 'Type', 'White Mooli'),
(63, 39, 'Rich In', 'Beta-Carotene'),
(64, 40, 'Type', 'Button Mushroom'),
(65, 41, 'Veg/Non-Veg', '100% Veg'),
(66, 42, 'Contains', 'Milk & Nuts'),
(67, 43, 'Processing', 'Dry Roasted'),
(68, 44, 'Spice Level', 'Medium Spicy'),
(69, 45, 'Base', 'Corn Flour'),
(70, 46, 'Gluten Free', 'No'),
(71, 47, 'Baked', 'Yes'),
(72, 48, 'Variety', 'Bombay Mix'),
(73, 49, 'Flavour', 'Classic Butter'),
(74, 50, 'Texture', 'Crunchy Baked'),
(75, 51, 'Ingredients', 'Raisins, Almonds, Cashews'),
(76, 52, 'Style', 'Asian Seasoned'),
(77, 53, 'Filling', 'Strawberry Cream'),
(78, 54, 'Sweetener', 'Natural Honey'),
(79, 55, 'Fat Content', 'Low Fat'),
(80, 56, 'Type', 'Carbonated Soft Drink'),
(81, 57, 'Caffeine', 'Yes'),
(82, 58, 'Fruit Content', '100% Squeezed'),
(83, 59, 'Packaging', 'Tetra Pack'),
(84, 60, 'TDS Level', 'Below 100 ppm'),
(85, 61, 'Form', 'Tea Bags'),
(86, 62, 'Roast', 'Medium Roast'),
(87, 63, 'Vitamins', 'B-Complex & Taurine'),
(88, 64, 'Flavor', 'Tangy Lemon'),
(89, 65, 'Nature', '100% Natural'),
(90, 66, 'Serving Suggestion', 'Serve Chilled'),
(91, 67, 'Texture', 'Thick & Creamy'),
(92, 68, 'CO2 Level', 'High Carbonation'),
(93, 69, 'Added Salt', 'Low Sodium'),
(94, 70, 'Base', 'Natural Ginger Extract'),
(95, 71, 'Antioxidants', 'Rich in Polyphenols'),
(96, 72, 'Milk Type', 'Full Cream Milk'),
(97, 73, 'Fat Content', '6.0% Minimum'),
(98, 74, 'Fat Content', '0.5% Maximum'),
(99, 75, 'Composition', '80% Dairy Fat'),
(100, 76, 'Use Case', 'Baking & Cooking'),
(101, 77, 'Aging', '6-9 Months'),
(102, 78, 'Type', 'Pasta Filata / Pizza Cheese'),
(103, 79, 'Storage', 'Keep Refrigerated (0-4°C)'),
(104, 80, 'Culture', 'Active Probiotics'),
(105, 81, 'Protein', 'High Protein Strained'),
(106, 82, 'Fat Content', '25% Low Fat'),
(107, 83, 'Form', 'Sweetened Thickened'),
(108, 84, 'Ingredients', 'Curd, Water, Spices'),
(109, 85, 'Aerosol/Tub', 'Handheld Spray Can'),
(110, 86, 'Acidity', 'Lactic Acid Fermented'),
(111, 87, 'Texture', 'Hard & Grated'),
(112, 88, 'Source', 'Plant-Based (Soybean)'),
(113, 89, 'Cholesterol', '0mg (Cholesterol Free)'),
(114, 90, 'Sterilization', 'UHT Treated'),
(115, 91, 'Count', '10 Individual Slices'),
(116, 92, 'Type', 'Pure Milk Fat'),
(117, 93, 'Aroma', 'Granular/Danedar'),
(118, 94, 'Extraction', 'Cold Pressed (Kachi Ghani)'),
(119, 95, 'Blend', 'Rice Bran & Sunflower Oil'),
(120, 96, 'Processing', 'Refined'),
(121, 97, 'Grade', 'Pure Olive Oil'),
(122, 98, 'Active Component', '3% Curcumin Content'),
(123, 99, 'Heat Level', 'Mild/Medium'),
(124, 100, 'Blend Type', 'Traditional 13 Spice Mix'),
(125, 101, 'Origin', 'Sourced from Rajasthan'),
(126, 102, 'Iodine', 'Vacuum Evaporated Iodized'),
(127, 103, 'Fortification', 'Iron, Vitamin A & Iodine'),
(128, 104, 'Source', '100% Cow Milk Fat'),
(129, 105, 'Usage', 'For Non-Veg Gravies'),
(130, 106, 'Type', 'All-purpose Curry Masala'),
(131, 107, 'Smoke Point', 'High (Ideal for Frying)'),
(132, 108, 'Form', 'Compounded Powder'),
(133, 109, 'Taste Profile', 'Tangy & Spicy'),
(134, 110, 'Texture', 'Traditional Granular'),
(135, 111, 'Extraction', 'First Cold Press Extra Virgin'),
(136, 112, 'Key Ingredient', 'Milk & Glucose'),
(137, 113, 'Variety', 'High-Glucose Energy'),
(138, 114, 'Form', 'Sandwich Cookie'),
(139, 115, 'Topping', 'Cashew Nuts'),
(140, 116, 'Shelf Life', '3-5 Days'),
(141, 117, 'Base', 'Whole Wheat Flour'),
(142, 118, 'Type', 'Suji (Semolina) Rusk'),
(143, 119, 'Center', 'Molten Choco Fill'),
(144, 120, 'Nutrient', 'High Fibre'),
(145, 121, 'Fat Content', 'Zero Cholesterol'),
(146, 122, 'Choco Type', 'Real Chocolate Chips'),
(147, 123, 'Unit', 'Pack of 6'),
(148, 124, 'Finish', 'Sesame Seeds Topping'),
(149, 125, 'Dietary', '100% Eggless'),
(150, 126, 'Taste', 'Sweet & Salty'),
(151, 127, 'Nut Content', 'Cashew & Almonds'),
(152, 128, 'Flavor', 'Herb Infused Garlic'),
(153, 129, 'Texture', 'Soft & Spongy'),
(154, 130, 'Garnish', 'Sugar Sprinkled'),
(155, 131, 'Grain Mix', 'Oats, Seeds & Millet'),
(156, 132, 'Filling', 'Chocolate Cream'),
(157, 133, 'Milling', 'Stone Ground / Chakki'),
(158, 134, 'Fiber Content', 'High Natural Fiber'),
(159, 135, 'Grain Length', '7.5mm (Pre-cooked)'),
(160, 136, 'Aging', '1-2 Years'),
(161, 137, 'Processing', 'Unpolished (No Oil/Stone)'),
(162, 138, 'Type', 'Yellow Split'),
(163, 139, 'Certification', 'Organic Certified'),
(164, 140, 'Texture', 'Non-Sticky Long Grain'),
(165, 141, 'Variety', 'Himalayan Chitra'),
(166, 142, 'Size', '9mm-10mm Large'),
(167, 143, 'Grain Mix', 'Wheat, Soya, Channa, Oats, Maize, Psyllium Husk'),
(168, 144, 'Skin', 'With Chilka (Husk)'),
(169, 145, 'Color', 'Natural Red'),
(170, 146, 'Type', 'Short Grain Raw Rice'),
(171, 147, 'Origin', 'Wada Kolam Variety'),
(172, 148, 'Form', 'Whole Sabut'),
(173, 149, 'Processing', 'Steam Flattened'),
(174, 150, 'Granulation', 'Fine Semolina'),
(175, 151, 'Bleaching', 'Unbleached Refined Flour'),
(176, 152, 'Purity', '100% Pure Chana Dal'),
(177, 153, 'Tea Type', 'CTC Black Tea'),
(178, 154, 'Blend', 'Large & Medium Grains'),
(179, 155, 'Coffee Type', '100% Instant Coffee'),
(180, 156, 'Roast', 'Fine Processed Gold Roast'),
(181, 157, 'Strength', 'Strong CTC Leaf'),
(182, 158, 'Grade', 'Premium Orthodox Leaf'),
(183, 159, 'Fortification', 'Vitamin D, B2, B9 & B12'),
(184, 160, 'Benefits', 'Clinically Proven for Growth'),
(185, 161, 'Nutrients', '34 Vital Nutrients'),
(186, 162, 'Specialty', 'Enriched with Enertush'),
(187, 163, 'Sugar Content', 'Reduced Sugar Formula'),
(188, 164, 'Flavour', 'Honey Lemon'),
(189, 165, 'Process', 'Advanced CTC Dust'),
(190, 166, 'Bean Type', '100% Arabica'),
(191, 167, 'Antioxidants', 'Added Vitamin C'),
(192, 168, 'Key Ingredient', 'Whey Protein'),
(193, 169, 'Composition', '70% Coffee, 30% Chicory'),
(194, 170, 'Dietary', 'Gluten-Free & Lactose-Free'),
(195, 171, 'Herbal Base', 'Krishna & Vana Tulsi'),
(196, 172, 'Active Ingredient', 'Protomalt & Cocoa'),
(197, 234, 'Grade', 'Premium Non-Pareil'),
(198, 235, 'Quality', 'W320 Large Grade'),
(199, 236, 'Form', 'Shelled Half-Kernels'),
(200, 237, 'Variety', 'Long Green Seedless'),
(201, 238, 'Processing', 'Roasted & Salted (In-Shell)'),
(202, 239, 'Origin', 'Ladakh / Turkey'),
(203, 240, 'Type', 'Fresh Iranian Dates'),
(204, 241, 'Quality', 'Garland Grade (Large)'),
(205, 242, 'Type', 'Puffed Foxnuts (Handpicked)'),
(206, 243, 'Composition', 'Almonds, Cashews, Walnuts, Raisins'),
(207, 244, 'Additives', 'Low Added Sugar'),
(208, 245, 'Nutrient Focus', 'High Selenium Content'),
(209, 246, 'Variety', 'Fardh Dates'),
(210, 247, 'Health Benefit', 'High Iron Content'),
(211, 248, 'Processing', 'Air Roasted (Oil-Free)'),
(212, 249, 'Prep Time', '2 Minutes'),
(213, 250, 'Texture', 'Non-Sticky Long Slurp'),
(214, 251, 'Serves', '4 People'),
(215, 252, 'Spice Level', 'Very Hot'),
(216, 253, 'Processing', 'Pre-Roasted Hard Wheat'),
(217, 254, 'Preparation', 'Add Boiling Water Only'),
(218, 255, 'Main Ingredients', 'Rice, Moong Dal & Spices'),
(219, 256, 'Includes', 'Plastic Fork & Veggie Bits'),
(220, 257, 'Noodle Type', 'Flat Oily Noodles'),
(221, 258, 'Serving Mode', 'Heat & Eat (Microwave Safe)'),
(222, 259, 'Base', '100% Semolina (Suji)'),
(223, 260, 'Quantity', 'Makes Approx. 18 Idlis'),
(224, 261, 'Flavour', 'Butter Pepper'),
(225, 262, 'Tomato Content', '100% Real Tomatoes'),
(226, 263, 'Taste Profile', 'Tangy & Spicy'),
(227, 264, 'Dietary Info', '100% Eggless / Vegetarian'),
(228, 265, 'Fruit Content', 'Blend of 8 Fruits'),
(229, 266, 'Fat Content', 'Fat-Free Formula'),
(230, 267, 'Key Ingredients', 'Hazelnuts & Cocoa'),
(231, 268, 'Protein', 'High Protein (approx. 25%)'),
(232, 269, 'Usage', 'Dip, Spread, or Stir-fry'),
(233, 270, 'Texture', 'Creamy with Veggie Bits'),
(234, 271, 'Flavor', 'Roasted Garlic'),
(235, 272, 'Base', 'Dairy-based Milk Chocolate'),
(236, 273, 'Processing', 'Fruit Preserve with Whole Chunks'),
(237, 274, 'Heat Level', 'Extra Hot'),
(238, 275, 'Crunch Level', 'Extra Crunchy'),
(239, 276, 'Purity', 'NMR Tested / Zero Added Sugar'),
(240, 277, 'Base Type', 'Real Dairy Ice Cream'),
(241, 278, 'Wafer Type', 'Crunchy Sugar Cone'),
(242, 279, 'Inclusions', 'Cashews, Almonds & Pistachios'),
(243, 280, 'Coating', 'Milk Chocolate'),
(244, 281, 'Chocolate Type', 'Belgian Chocolate'),
(245, 282, 'Topping', 'Butterscotch Crunchies'),
(246, 283, 'Flavour Category', 'Premium International'),
(247, 284, 'Base', 'Sponge Cake & Multi-flavour Ice Cream'),
(248, 285, 'Center', 'Gooey Caramel'),
(249, 286, 'Classification', 'Frozen Fruit Dessert'),
(250, 287, 'TFM', '76% (Grade 1 Soap)'),
(251, 288, 'Moisturizer Content', '1/4 Moisturizing Cream'),
(252, 289, 'Key Ingredient', '98% Pure Glycerin'),
(253, 290, 'pH Balance', 'Skin Neutral pH'),
(254, 291, 'Protection', '99.9% Germ Protection'),
(255, 292, 'Texture', 'Translucent Gel Bar'),
(256, 293, 'Active Formula', 'Activ Silver Formula'),
(257, 294, 'Purity', '100% Pure Edible Grade'),
(258, 295, 'Scalp Benefit', 'Anti-Dandruff Protection'),
(259, 296, 'Active Ingredient', 'Nutrilock Actives'),
(260, 297, 'Hair Type', 'Dry & Damaged Hair'),
(261, 298, 'Type', 'Ayurvedic Proprietary Medicine'),
(262, 299, 'Action', 'Fights 5 Signs of Damage'),
(263, 300, 'Nutrient', '300% Vitamin E Enrichment'),
(264, 301, 'Protein Type', 'Keratin & Argan Oil'),
(265, 302, 'Skin Type', 'All Skin Types / Acne Prone'),
(266, 303, 'Key Ingredient', 'Jojoba Oil & Vitamin E'),
(267, 304, 'Finish', 'Radiant Glow'),
(268, 305, 'Specialty', 'Anti-Pollution / Charcoal'),
(269, 306, 'Protection', 'SPF 50+ / PA+++'),
(270, 307, 'pH Level', 'Balanced / Non-Irritating'),
(271, 308, 'SPF', 'SPF 24 PA++'),
(272, 309, 'Formula', 'Oil-Free'),
(273, 310, 'Waterproof', 'Yes / 22Hr Stay'),
(274, 311, 'Effect', 'Volumizing & Curling'),
(275, 312, 'Finish', 'Glossy'),
(276, 313, 'Texture', 'Primer + Matte'),
(277, 314, 'Coverage', 'Light / Daily Wear'),
(278, 315, 'Base', 'Silicone-Based'),
(279, 316, 'Shade Range', 'Multiple (Matte + Poreless)'),
(280, 317, 'Fragrance', 'Lemon Power'),
(281, 318, 'Compatibility', 'Front Load Washing Machines'),
(282, 319, 'Benefit', 'Softness & Long Lasting Fragrance'),
(283, 320, 'Germ Kill', '99.9% Bacteria & Viruses'),
(284, 321, 'Thickness', 'Thick Blue Liquid'),
(285, 322, 'Mechanism', 'Manual Spray'),
(286, 323, 'Duration', 'Up to 30 Days'),
(287, 324, 'Alcohol Content', '70% v/v'),
(288, 325, 'Technology', 'Alkaline'),
(289, 326, 'Lumen Output', '900 Lumens'),
(290, 327, 'Connector', '3.5mm Jack'),
(291, 328, 'Read Speed', 'Up to 100MB/s'),
(292, 329, 'Frequency', '2.4GHz'),
(293, 330, 'Input Port', 'Micro-USB & Type-C'),
(294, 331, 'Current Support', '3.0A Fast Charging'),
(295, 332, 'Paper Quality', 'Whiteness 90% / 60 GSM'),
(296, 333, 'Body Material', 'Moulded ABS Plastic'),
(297, 334, 'Lead Grade', 'HB Hard Black'),
(298, 335, 'Bond Type', 'Strong Craft Bond'),
(299, 336, 'Power Source', 'Solar & Battery'),
(300, 337, 'Washable', 'Yes'),
(301, 338, 'Paper Weight', '75 GSM'),
(302, 339, 'Player Count', '2 to 10 Players'),
(303, 340, 'Mechanism', 'Ball-Bearing / Spring'),
(304, 341, 'Material', 'Laminated Wood'),
(305, 342, 'Coating', 'Plastic/Linen Finish'),
(306, 343, 'Block Count', '54 Blocks'),
(307, 344, 'Edition', 'Deluxe Board & Tokens'),
(308, 345, 'Weight', 'Heavy Weight / Standard Size'),
(309, 346, 'Fragrance Type', 'Floral / Woods / Resin'),
(310, 347, 'Purity', 'Grade A Refined'),
(311, 348, 'Wick Material', 'Pure Cotton dipped in Wax/Ghee'),
(312, 349, 'Form', 'Fine Powder'),
(313, 350, 'Source', 'Pauri Garhwal, Haridwar'),
(314, 351, 'Metal', '100% Solid Brass'),
(315, 352, 'Count', '100 Wicks'),
(357, 353, 'Active Ingredient', 'Paracetamol 500mg'),
(358, 354, 'Key Ingredients', 'Menthol, Camphor & Eucalyptus Oil'),
(359, 355, 'Usage', 'First Aid, Surface & Laundry'),
(360, 356, 'Material', 'Washproof Medicated Fabric'),
(361, 357, 'Type', 'Ayurvedic Liver Supplement'),
(362, 358, 'Action', 'Deep Penetrating Pain Relief'),
(363, 359, 'Onset of Action', 'Works in 6 Seconds'),
(364, 360, 'Life Stage', 'Adult (1+ Years)'),
(365, 361, 'Flavor', 'Ocean Fish with Milk'),
(366, 362, 'Material', 'Non-Toxic Natural Rubber'),
(367, 363, 'Feature', 'Large Sifting Holes'),
(368, 364, 'Benefit', 'Sulphate & Paraben Free'),
(369, 365, 'Length', '1.5 Meters / Adjustable'),
(370, 366, 'Ingredients', 'Millets, Sunflower Seeds & Grains'),
(371, 367, 'Scale', '1:64 Die-Cast'),
(372, 368, 'Height', '12 Inches'),
(373, 369, 'Piece Count', 'Medium Box / 484 Pieces'),
(374, 370, 'Washable', 'Hand Wash Only'),
(375, 371, 'Battery Type', 'Rechargeable Li-ion included'),
(376, 372, 'Safety', 'BPA Free / Smooth Edges'),
(377, 373, 'Included', 'Bubble Solution Bottle'),
(378, 374, 'Frame Material', 'Aluminium / Steel Shaft'),
(379, 375, 'Size', 'Standard Size 5'),
(380, 376, 'Thickness', '6mm High Density'),
(381, 377, 'Handle Material', 'Foam Grip / PVC Rope'),
(382, 378, 'Durability', 'Weatherproof / Heavy Duty'),
(383, 379, 'Lens', 'Anti-Fog / UV Protection'),
(384, 380, 'Weight Unit', '2kg per Dumbbell'),
(385, 381, 'Fabric', '180 GSM Bio-washed Cotton'),
(386, 382, 'Pack Size', '3 Pairs (Combo)'),
(387, 383, 'Width', '35mm Formal Standard'),
(388, 384, 'Frame Type', 'Metal Aviator / Polarized'),
(389, 385, 'Compartments', '2 Zip Pockets'),
(390, 386, 'Material', 'Acrylic Woolen Blend'),
(391, 387, 'Storage', '6 Card Slots & Cash Sleeve'),
(404, 388, 'Safety Feature', 'Anti-Slip Base & Drain Plug'),
(405, 389, 'Temperature Indicator', 'Digital / Color Change Warning'),
(406, 390, 'Material', 'Hypoallergenic Plush Fabric'),
(407, 391, 'Weight Capacity', 'Up to 9kg'),
(408, 392, 'Material', '100% Food Grade Silicone (BPA Free)'),
(409, 393, 'Educational Focus', 'Fine Motor Skills & Color Recognition'),
(410, 394, 'Battery Required', '3 AA Batteries (Not Included)'),
(411, 395, 'Cleaning', 'Mold-Resistant Easy Dry Design');

-- --------------------------------------------------------

--
-- Table structure for table `users`
--

CREATE TABLE `users` (
  `id` int(11) NOT NULL,
  `name` varchar(100) NOT NULL,
  `email` varchar(100) NOT NULL,
  `password` varchar(255) NOT NULL
) ENGINE=InnoDB DEFAULT CHARSET=utf8mb4 COLLATE=utf8mb4_general_ci;

--
-- Dumping data for table `users`
--

INSERT INTO `users` (`id`, `name`, `email`, `password`) VALUES
(1, 'ram', 'ram@gmail.com', 'scrypt:32768:8:1$RxLgeM7YjZqN5e75$6c4271854882f6eeb3d9fb60e2bb8a229d772524cc1fde286c42fe208f8b8786f79d59949ed8750ccc0c1419087ba02775424aecb794263c157d04cf0f9687d8'),
(2, 'mahek', 'mahek@gmail.com', 'scrypt:32768:8:1$uhi6YNZzb3bAltSr$d71f15d6477f30400ff96897bb5a315ed299a26e9d1a88901b76c9d2ac0e17b3f98982edc91c73c25cd894c075ccc0e44741b9b667cff8eddba725736404aabf'),
(3, 'dhara', 'dhara@gmail.com', 'scrypt:32768:8:1$HeZsIx6lMJSuXunm$48097ab0db75297000b1ef9723ed875c0b823d5a9aa0f256efa43b354dc10983f38db622d7832d219ee4db398e4ce242c32e3490cedab6892e9093f2397224c9'),
(4, 'tanu', 'tanu@gmail.com', 'scrypt:32768:8:1$zzdVpr1b97bfiWjQ$ed3734fc55ae8f4c3bd1fd133d6dbef292767a138de569790f191563b7696bc15bb04aafae0c0f04d043b7cb87e180c799b29cec0891d679fe46c1ec19faad71'),
(5, 'tanish', 'tanish@gmail.com', 'scrypt:32768:8:1$SC9FkMevRKOu7JK9$97a7be9686c769cfb7efc44970b53694b7fb502e33bac69efb0386e85ce4e719571958fb9d7c698d7df2b902ae24a7a141aa4a711bb17bd4285d101231b91eaf');

--
-- Indexes for dumped tables
--

--
-- Indexes for table `addresses`
--
ALTER TABLE `addresses`
  ADD PRIMARY KEY (`id`);

--
-- Indexes for table `categories`
--
ALTER TABLE `categories`
  ADD PRIMARY KEY (`id`);

--
-- Indexes for table `orders`
--
ALTER TABLE `orders`
  ADD PRIMARY KEY (`id`);

--
-- Indexes for table `products`
--
ALTER TABLE `products`
  ADD PRIMARY KEY (`id`),
  ADD KEY `category_id` (`category_id`);

--
-- Indexes for table `product_features`
--
ALTER TABLE `product_features`
  ADD PRIMARY KEY (`id`),
  ADD KEY `product_id` (`product_id`);

--
-- Indexes for table `product_ratings`
--
ALTER TABLE `product_ratings`
  ADD PRIMARY KEY (`id`);

--
-- Indexes for table `product_reviews`
--
ALTER TABLE `product_reviews`
  ADD PRIMARY KEY (`id`),
  ADD KEY `product_id` (`product_id`);

--
-- Indexes for table `product_specifications`
--
ALTER TABLE `product_specifications`
  ADD PRIMARY KEY (`id`),
  ADD KEY `product_id` (`product_id`);

--
-- Indexes for table `users`
--
ALTER TABLE `users`
  ADD PRIMARY KEY (`id`),
  ADD UNIQUE KEY `email` (`email`);

--
-- AUTO_INCREMENT for dumped tables
--

--
-- AUTO_INCREMENT for table `addresses`
--
ALTER TABLE `addresses`
  MODIFY `id` int(11) NOT NULL AUTO_INCREMENT, AUTO_INCREMENT=3;

--
-- AUTO_INCREMENT for table `categories`
--
ALTER TABLE `categories`
  MODIFY `id` int(11) NOT NULL AUTO_INCREMENT, AUTO_INCREMENT=29;

--
-- AUTO_INCREMENT for table `orders`
--
ALTER TABLE `orders`
  MODIFY `id` int(11) NOT NULL AUTO_INCREMENT, AUTO_INCREMENT=18;

--
-- AUTO_INCREMENT for table `products`
--
ALTER TABLE `products`
  MODIFY `id` int(11) NOT NULL AUTO_INCREMENT, AUTO_INCREMENT=396;

--
-- AUTO_INCREMENT for table `product_features`
--
ALTER TABLE `product_features`
  MODIFY `id` int(11) NOT NULL AUTO_INCREMENT, AUTO_INCREMENT=604;

--
-- AUTO_INCREMENT for table `product_ratings`
--
ALTER TABLE `product_ratings`
  MODIFY `id` int(11) NOT NULL AUTO_INCREMENT;

--
-- AUTO_INCREMENT for table `product_reviews`
--
ALTER TABLE `product_reviews`
  MODIFY `id` int(11) NOT NULL AUTO_INCREMENT, AUTO_INCREMENT=277;

--
-- AUTO_INCREMENT for table `product_specifications`
--
ALTER TABLE `product_specifications`
  MODIFY `id` int(11) NOT NULL AUTO_INCREMENT, AUTO_INCREMENT=412;

--
-- AUTO_INCREMENT for table `users`
--
ALTER TABLE `users`
  MODIFY `id` int(11) NOT NULL AUTO_INCREMENT, AUTO_INCREMENT=6;

--
-- Constraints for dumped tables
--

--
-- Constraints for table `products`
--
ALTER TABLE `products`
  ADD CONSTRAINT `products_ibfk_1` FOREIGN KEY (`category_id`) REFERENCES `categories` (`id`) ON DELETE CASCADE;

--
-- Constraints for table `product_features`
--
ALTER TABLE `product_features`
  ADD CONSTRAINT `product_features_ibfk_1` FOREIGN KEY (`product_id`) REFERENCES `products` (`id`) ON DELETE CASCADE;

--
-- Constraints for table `product_reviews`
--
ALTER TABLE `product_reviews`
  ADD CONSTRAINT `product_reviews_ibfk_1` FOREIGN KEY (`product_id`) REFERENCES `products` (`id`) ON DELETE CASCADE;

--
-- Constraints for table `product_specifications`
--
ALTER TABLE `product_specifications`
  ADD CONSTRAINT `product_specifications_ibfk_1` FOREIGN KEY (`product_id`) REFERENCES `products` (`id`) ON DELETE CASCADE;
COMMIT;

/*!40101 SET CHARACTER_SET_CLIENT=@OLD_CHARACTER_SET_CLIENT */;
/*!40101 SET CHARACTER_SET_RESULTS=@OLD_CHARACTER_SET_RESULTS */;
/*!40101 SET COLLATION_CONNECTION=@OLD_COLLATION_CONNECTION */;
